# Blender 5.2.0 LTS
# www.blender.org
mtllib eyething boneclaw body.mtl
o RenderMesh_71591993154367
v -0.579699 -0.328832 -0.069851 0.0000 0.0000 0.0000
v -0.356399 -0.328832 -0.069851 0.0000 0.0000 0.0000
v -0.356399 -0.328832 0.074791 0.0000 0.0000 0.0000
v -0.579699 -0.328832 0.074791 0.0000 0.0000 0.0000
v -0.163600 0.213317 0.127778 0.0000 0.0000 0.0000
v -0.163600 0.213317 -0.122838 0.0000 0.0000 0.0000
v -0.163600 0.301924 0.091076 0.0000 0.0000 0.0000
v -0.163600 0.124711 0.091076 0.0000 0.0000 0.0000
v -0.163600 0.301924 -0.086136 0.0000 0.0000 0.0000
v -0.163600 0.338626 0.002470 0.0000 0.0000 0.0000
v -0.163600 0.124711 -0.086136 0.0000 0.0000 0.0000
v -0.163600 0.088009 0.002470 0.0000 0.0000 0.0000
v -0.457153 0.105772 -0.069851 0.0000 0.0000 0.0000
v -0.457153 0.105772 0.074791 0.0000 0.0000 0.0000
v -0.419819 0.142736 -0.069851 0.0000 0.0000 0.0000
v -0.419819 0.142736 0.074791 0.0000 0.0000 0.0000
v -0.455028 0.038808 0.074791 0.0000 0.0000 0.0000
v -0.455028 0.038808 -0.069851 0.0000 0.0000 0.0000
v -0.520178 0.004895 -0.069851 0.0000 0.0000 0.0000
v -0.520178 0.004895 0.074791 0.0000 0.0000 0.0000
v -0.558472 -0.056341 -0.069851 0.0000 0.0000 0.0000
v -0.558472 -0.056341 0.074791 0.0000 0.0000 0.0000
v -0.611049 -0.104832 -0.069851 0.0000 0.0000 0.0000
v -0.611049 -0.104832 0.074791 0.0000 0.0000 0.0000
v -0.589049 -0.187332 -0.069851 0.0000 0.0000 0.0000
v -0.589049 -0.187332 0.074791 0.0000 0.0000 0.0000
v -0.611049 -0.279332 -0.069851 0.0000 0.0000 0.0000
v -0.611049 -0.279332 0.074791 0.0000 0.0000 0.0000
v -0.197380 0.024236 -0.069851 0.0000 0.0000 0.0000
v -0.197380 0.024236 0.074791 0.0000 0.0000 0.0000
v -0.228126 -0.005866 -0.069851 0.0000 0.0000 0.0000
v -0.228126 -0.005866 0.074791 0.0000 0.0000 0.0000
v -0.272059 -0.025264 -0.069851 0.0000 0.0000 0.0000
v -0.272059 -0.025264 0.074791 0.0000 0.0000 0.0000
v -0.276698 -0.065553 0.074791 0.0000 0.0000 0.0000
v -0.276698 -0.065553 -0.069851 0.0000 0.0000 0.0000
v -0.330499 -0.105841 0.074791 0.0000 0.0000 0.0000
v -0.330499 -0.105841 -0.069851 0.0000 0.0000 0.0000
v -0.338689 -0.165076 0.074791 0.0000 0.0000 0.0000
v -0.338689 -0.165076 -0.069851 0.0000 0.0000 0.0000
v -0.336496 -0.229832 0.074791 0.0000 0.0000 0.0000
v -0.336496 -0.229832 -0.069851 0.0000 0.0000 0.0000
v -0.325050 -0.279332 0.074791 0.0000 0.0000 0.0000
v -0.325050 -0.279332 -0.069851 0.0000 0.0000 0.0000
v -0.233600 0.125241 -0.085607 0.0000 0.0000 0.0000
v -0.233600 0.125241 0.090547 0.0000 0.0000 0.0000
v -0.233600 0.213317 -0.122089 0.0000 0.0000 0.0000
v -0.233600 0.088758 0.002470 0.0000 0.0000 0.0000
v -0.233600 0.213317 0.127029 0.0000 0.0000 0.0000
v -0.233600 0.301394 0.090547 0.0000 0.0000 0.0000
v -0.233600 0.301394 -0.085607 0.0000 0.0000 0.0000
v -0.233600 0.337877 0.002470 0.0000 0.0000 0.0000
v -0.002540 0.098201 -0.001790 0.0000 0.0000 0.0000
v -0.025729 0.146594 0.075619 0.0000 0.0000 0.0000
v -0.002540 0.135048 0.087166 0.0000 0.0000 0.0000
v -0.002540 0.224003 0.124011 0.0000 0.0000 0.0000
v -0.025729 0.114531 -0.001790 0.0000 0.0000 0.0000
v -0.025729 0.224002 0.107682 0.0000 0.0000 0.0000
v -0.025729 0.146594 -0.079198 0.0000 0.0000 0.0000
v -0.025729 0.301411 0.075619 0.0000 0.0000 0.0000
v -0.002540 0.135048 -0.090745 0.0000 0.0000 0.0000
v -0.002540 0.312958 0.087166 0.0000 0.0000 0.0000
v -0.002540 0.224002 -0.127591 0.0000 0.0000 0.0000
v -0.002540 0.349804 -0.001790 0.0000 0.0000 0.0000
v -0.025729 0.224002 -0.111262 0.0000 0.0000 0.0000
v -0.025729 0.333474 -0.001790 0.0000 0.0000 0.0000
v -0.025729 0.301411 -0.079198 0.0000 0.0000 0.0000
v -0.002540 0.312958 -0.090745 0.0000 0.0000 0.0000
v -0.112299 0.146594 0.075619 0.0000 0.0000 0.0000
v -0.112299 0.114531 -0.001790 0.0000 0.0000 0.0000
v -0.135488 0.098201 -0.001790 0.0000 0.0000 0.0000
v -0.112299 0.146594 -0.079198 0.0000 0.0000 0.0000
v -0.135488 0.135048 0.087166 0.0000 0.0000 0.0000
v -0.135488 0.135048 -0.090745 0.0000 0.0000 0.0000
v -0.135488 0.224003 0.124011 0.0000 0.0000 0.0000
v -0.135488 0.224002 -0.127591 0.0000 0.0000 0.0000
v -0.112299 0.224002 0.107682 0.0000 0.0000 0.0000
v -0.112299 0.224002 -0.111262 0.0000 0.0000 0.0000
v -0.112299 0.301411 0.075619 0.0000 0.0000 0.0000
v -0.112299 0.301411 -0.079198 0.0000 0.0000 0.0000
v -0.135488 0.312958 0.087166 0.0000 0.0000 0.0000
v -0.135488 0.312958 -0.090745 0.0000 0.0000 0.0000
v -0.135488 0.349804 -0.001790 0.0000 0.0000 0.0000
v -0.112299 0.333474 -0.001790 0.0000 0.0000 0.0000
v -0.030325 0.080658 -0.001790 0.0000 0.0000 0.0000
v -0.030325 0.122643 0.099569 0.0000 0.0000 0.0000
v -0.030325 0.224003 0.141554 0.0000 0.0000 0.0000
v -0.030325 0.122643 -0.103150 0.0000 0.0000 0.0000
v -0.030325 0.325363 0.099569 0.0000 0.0000 0.0000
v -0.030325 0.224002 -0.145134 0.0000 0.0000 0.0000
v -0.030325 0.367347 -0.001790 0.0000 0.0000 0.0000
v -0.030325 0.325363 -0.103149 0.0000 0.0000 0.0000
v -0.107703 0.080658 -0.001790 0.0000 0.0000 0.0000
v -0.107703 0.122643 0.099569 0.0000 0.0000 0.0000
v -0.107703 0.122643 -0.103150 0.0000 0.0000 0.0000
v -0.107703 0.224003 0.141554 0.0000 0.0000 0.0000
v -0.107703 0.224002 -0.145134 0.0000 0.0000 0.0000
v -0.107703 0.325363 0.099569 0.0000 0.0000 0.0000
v -0.107703 0.325363 -0.103149 0.0000 0.0000 0.0000
v -0.107703 0.367347 -0.001790 0.0000 0.0000 0.0000
v -0.058111 0.135048 0.087166 0.0000 0.0000 0.0000
v -0.058111 0.098201 -0.001790 0.0000 0.0000 0.0000
v -0.058111 0.135048 -0.090745 0.0000 0.0000 0.0000
v -0.058111 0.224003 0.124011 0.0000 0.0000 0.0000
v -0.058111 0.224002 -0.127591 0.0000 0.0000 0.0000
v -0.058111 0.312958 0.087166 0.0000 0.0000 0.0000
v -0.058111 0.312958 -0.090745 0.0000 0.0000 0.0000
v -0.058111 0.349804 -0.001790 0.0000 0.0000 0.0000
v -0.079917 0.135048 0.087166 0.0000 0.0000 0.0000
v -0.079917 0.098201 -0.001790 0.0000 0.0000 0.0000
v -0.079917 0.224003 0.124011 0.0000 0.0000 0.0000
v -0.079917 0.135048 -0.090745 0.0000 0.0000 0.0000
v -0.079917 0.312958 0.087166 0.0000 0.0000 0.0000
v -0.079917 0.224002 -0.127591 0.0000 0.0000 0.0000
v -0.079917 0.349804 -0.001790 0.0000 0.0000 0.0000
v -0.079917 0.312958 -0.090745 0.0000 0.0000 0.0000
v -0.638057 -0.206313 -0.073604 0.0000 0.0000 0.0000
v -0.597333 -0.256445 -0.072797 0.0000 0.0000 0.0000
v -0.647318 -0.206163 0.004376 0.0000 0.0000 0.0000
v -0.589647 -0.207106 -0.112116 0.0000 0.0000 0.0000
v -0.599163 -0.259727 0.004376 0.0000 0.0000 0.0000
v -0.562554 -0.248705 -0.086810 0.0000 0.0000 0.0000
v -0.597333 -0.256445 0.081549 0.0000 0.0000 0.0000
v -0.523490 -0.209166 -0.110851 0.0000 0.0000 0.0000
v -0.524850 -0.245287 -0.078472 0.0000 0.0000 0.0000
v -0.475176 -0.209221 -0.071545 0.0000 0.0000 0.0000
v -0.638057 -0.206313 0.082357 0.0000 0.0000 0.0000
v -0.589647 -0.207106 0.120869 0.0000 0.0000 0.0000
v -0.562554 -0.248705 0.095563 0.0000 0.0000 0.0000
v -0.523490 -0.209166 0.119604 0.0000 0.0000 0.0000
v -0.524850 -0.245287 0.087225 0.0000 0.0000 0.0000
v -0.475176 -0.209221 0.080298 0.0000 0.0000 0.0000
v -0.592691 -0.019438 -0.075480 0.0000 0.0000 0.0000
v -0.587928 -0.091157 -0.071708 0.0000 0.0000 0.0000
v -0.601005 -0.013347 0.004376 0.0000 0.0000 0.0000
v -0.549226 -0.051280 -0.118338 0.0000 0.0000 0.0000
v -0.591700 -0.092961 0.004376 0.0000 0.0000 0.0000
v -0.551360 -0.106486 -0.090176 0.0000 0.0000 0.0000
v -0.587928 -0.091157 0.080460 0.0000 0.0000 0.0000
v -0.490456 -0.095683 -0.116930 0.0000 0.0000 0.0000
v -0.514914 -0.127619 -0.080897 0.0000 0.0000 0.0000
v -0.446606 -0.126794 -0.073189 0.0000 0.0000 0.0000
v -0.592690 -0.019438 0.084233 0.0000 0.0000 0.0000
v -0.549226 -0.051279 0.127090 0.0000 0.0000 0.0000
v -0.551360 -0.106486 0.098929 0.0000 0.0000 0.0000
v -0.490456 -0.095683 0.125683 0.0000 0.0000 0.0000
v -0.514914 -0.127619 0.089650 0.0000 0.0000 0.0000
v -0.446606 -0.126794 0.081942 0.0000 0.0000 0.0000
v 0.606846 0.205787 -0.008378 0.0000 0.0000 0.0000
v 0.637230 0.187218 -0.039871 0.0000 0.0000 0.0000
v 0.606832 0.208657 -0.013290 0.0000 0.0000 0.0000
v 0.606811 0.212638 -0.016062 0.0000 0.0000 0.0000
v 0.633779 0.215008 -0.048578 0.0000 0.0000 0.0000
v 0.606617 0.250651 -0.043151 0.0000 0.0000 0.0000
v 0.645980 0.166765 -0.016969 0.0000 0.0000 0.0000
v 0.606868 0.201656 0.004376 0.0000 0.0000 0.0000
v 0.646100 0.159892 0.004376 0.0000 0.0000 0.0000
v 0.645980 0.166765 0.025721 0.0000 0.0000 0.0000
v 0.606846 0.205787 0.017130 0.0000 0.0000 0.0000
v 0.637230 0.187218 0.048623 0.0000 0.0000 0.0000
v 0.606832 0.208657 0.022042 0.0000 0.0000 0.0000
v 0.606811 0.212638 0.024814 0.0000 0.0000 0.0000
v 0.633779 0.215008 0.057330 0.0000 0.0000 0.0000
v 0.606617 0.250651 0.051903 0.0000 0.0000 0.0000
v -0.316085 -0.280569 0.004376 0.0000 0.0000 0.0000
v -0.380896 -0.226598 0.049369 0.0000 0.0000 0.0000
v -0.375085 -0.226529 0.004376 0.0000 0.0000 0.0000
v -0.380896 -0.226598 -0.040617 0.0000 0.0000 0.0000
v -0.317968 -0.277157 0.078425 0.0000 0.0000 0.0000
v -0.317968 -0.277157 -0.069673 0.0000 0.0000 0.0000
v -0.354003 -0.268966 0.092500 0.0000 0.0000 0.0000
v -0.354003 -0.268966 -0.083748 0.0000 0.0000 0.0000
v -0.384933 -0.226646 0.056280 0.0000 0.0000 0.0000
v -0.384933 -0.226646 -0.047529 0.0000 0.0000 0.0000
v -0.393093 -0.265243 0.083852 0.0000 0.0000 0.0000
v -0.389751 -0.226247 0.040350 0.0000 0.0000 0.0000
v -0.444444 -0.227603 0.076668 0.0000 0.0000 0.0000
v -0.393093 -0.265243 -0.075100 0.0000 0.0000 0.0000
v -0.389751 -0.226247 -0.031598 0.0000 0.0000 0.0000
v -0.444444 -0.227603 -0.067916 0.0000 0.0000 0.0000
v 0.607265 0.124032 0.004376 0.0000 0.0000 0.0000
v 0.607230 0.130860 -0.020026 0.0000 0.0000 0.0000
v 0.607047 0.166555 -0.057693 0.0000 0.0000 0.0000
v 0.606804 0.214099 -0.070945 0.0000 0.0000 0.0000
v 0.607230 0.130860 0.028778 0.0000 0.0000 0.0000
v 0.607047 0.166555 0.066445 0.0000 0.0000 0.0000
v 0.606804 0.214099 0.079697 0.0000 0.0000 0.0000
v -0.501097 0.067753 -0.070866 0.0000 0.0000 0.0000
v -0.496273 0.012774 0.004376 0.0000 0.0000 0.0000
v -0.507659 0.071850 0.004376 0.0000 0.0000 0.0000
v -0.501097 0.067753 0.079618 0.0000 0.0000 0.0000
v -0.493550 0.014334 -0.070410 0.0000 0.0000 0.0000
v -0.493550 0.014334 0.079163 0.0000 0.0000 0.0000
v -0.466795 0.046332 -0.103034 0.0000 0.0000 0.0000
v -0.466795 0.046332 0.111786 0.0000 0.0000 0.0000
v -0.465327 0.004890 -0.081896 0.0000 0.0000 0.0000
v -0.465327 0.004890 0.090649 0.0000 0.0000 0.0000
v -0.420340 0.016358 -0.101977 0.0000 0.0000 0.0000
v -0.436873 -0.008905 -0.074932 0.0000 0.0000 0.0000
v -0.385790 -0.004495 -0.069146 0.0000 0.0000 0.0000
v -0.420340 0.016358 0.110730 0.0000 0.0000 0.0000
v -0.436873 -0.008905 0.083685 0.0000 0.0000 0.0000
v -0.385790 -0.004495 0.077899 0.0000 0.0000 0.0000
v 0.525291 0.194273 -0.005392 0.0000 0.0000 0.0000
v 0.552889 0.177050 -0.030936 0.0000 0.0000 0.0000
v 0.525267 0.196200 -0.008788 0.0000 0.0000 0.0000
v 0.525236 0.198692 -0.010574 0.0000 0.0000 0.0000
v 0.549925 0.199496 -0.037641 0.0000 0.0000 0.0000
v 0.524827 0.231531 -0.035822 0.0000 0.0000 0.0000
v 0.559927 0.160863 -0.012737 0.0000 0.0000 0.0000
v 0.525331 0.191007 0.004376 0.0000 0.0000 0.0000
v 0.560063 0.155203 0.004376 0.0000 0.0000 0.0000
v 0.559927 0.160863 0.021489 0.0000 0.0000 0.0000
v 0.525291 0.194273 0.014144 0.0000 0.0000 0.0000
v 0.552889 0.177050 0.039688 0.0000 0.0000 0.0000
v 0.525267 0.196200 0.017540 0.0000 0.0000 0.0000
v 0.525236 0.198692 0.019326 0.0000 0.0000 0.0000
v 0.549925 0.199496 0.046393 0.0000 0.0000 0.0000
v 0.524827 0.231531 0.044574 0.0000 0.0000 0.0000
v 0.526189 0.122194 0.004376 0.0000 0.0000 0.0000
v 0.526114 0.128152 -0.016972 0.0000 0.0000 0.0000
v 0.525735 0.158610 -0.049072 0.0000 0.0000 0.0000
v 0.525222 0.199802 -0.060282 0.0000 0.0000 0.0000
v 0.526114 0.128152 0.025724 0.0000 0.0000 0.0000
v 0.525735 0.158610 0.057824 0.0000 0.0000 0.0000
v 0.525222 0.199802 0.069034 0.0000 0.0000 0.0000
v 0.480822 0.171523 -0.033950 0.0000 0.0000 0.0000
v 0.472024 0.192467 -0.049799 0.0000 0.0000 0.0000
v 0.436782 0.215074 -0.017500 0.0000 0.0000 0.0000
v 0.436782 0.217555 -0.015820 0.0000 0.0000 0.0000
v 0.436782 0.210870 0.004376 0.0000 0.0000 0.0000
v 0.468569 0.221402 -0.049701 0.0000 0.0000 0.0000
v 0.436782 0.220762 -0.014865 0.0000 0.0000 0.0000
v 0.436782 0.263030 -0.046050 0.0000 0.0000 0.0000
v 0.480905 0.164236 0.004376 0.0000 0.0000 0.0000
v 0.480822 0.171523 0.042702 0.0000 0.0000 0.0000
v 0.436782 0.215074 0.026252 0.0000 0.0000 0.0000
v 0.472024 0.192467 0.058551 0.0000 0.0000 0.0000
v 0.436782 0.217555 0.024572 0.0000 0.0000 0.0000
v 0.468569 0.221402 0.058453 0.0000 0.0000 0.0000
v 0.436782 0.220762 0.023617 0.0000 0.0000 0.0000
v 0.436782 0.263030 0.054802 0.0000 0.0000 0.0000
v -0.330712 -0.151246 0.004376 0.0000 0.0000 0.0000
v -0.340304 -0.074970 0.062710 0.0000 0.0000 0.0000
v -0.343444 -0.078208 0.004376 0.0000 0.0000 0.0000
v -0.330227 -0.145876 0.077647 0.0000 0.0000 0.0000
v -0.340304 -0.074970 -0.053958 0.0000 0.0000 0.0000
v -0.330227 -0.145876 -0.068895 0.0000 0.0000 0.0000
v 0.436782 0.122298 0.004376 0.0000 0.0000 0.0000
v 0.436782 0.129967 -0.043434 0.0000 0.0000 0.0000
v 0.436782 0.169170 -0.077624 0.0000 0.0000 0.0000
v 0.436782 0.222190 -0.078842 0.0000 0.0000 0.0000
v 0.436782 0.129967 0.052186 0.0000 0.0000 0.0000
v 0.436782 0.169170 0.086376 0.0000 0.0000 0.0000
v 0.436782 0.222190 0.087594 0.0000 0.0000 0.0000
v 0.368465 0.175429 -0.038157 0.0000 0.0000 0.0000
v 0.341154 0.191555 -0.009237 0.0000 0.0000 0.0000
v 0.376484 0.156556 -0.015061 0.0000 0.0000 0.0000
v 0.341154 0.194958 -0.015870 0.0000 0.0000 0.0000
v 0.341154 0.187276 0.004376 0.0000 0.0000 0.0000
v 0.365465 0.200679 -0.044462 0.0000 0.0000 0.0000
v 0.341154 0.235784 -0.036365 0.0000 0.0000 0.0000
v 0.376549 0.150431 0.004376 0.0000 0.0000 0.0000
v 0.376484 0.156556 0.023813 0.0000 0.0000 0.0000
v 0.341154 0.191555 0.017989 0.0000 0.0000 0.0000
v 0.368465 0.175429 0.046909 0.0000 0.0000 0.0000
v 0.341154 0.194958 0.024622 0.0000 0.0000 0.0000
v 0.365465 0.200679 0.053214 0.0000 0.0000 0.0000
v 0.341154 0.235784 0.045117 0.0000 0.0000 0.0000
v -0.401257 0.130684 0.004376 0.0000 0.0000 0.0000
v -0.385425 0.151131 0.030236 0.0000 0.0000 0.0000
v -0.410786 0.160558 0.004376 0.0000 0.0000 0.0000
v -0.398148 0.171245 0.020926 0.0000 0.0000 0.0000
v -0.385425 0.151131 -0.021484 0.0000 0.0000 0.0000
v -0.398148 0.171245 -0.012174 0.0000 0.0000 0.0000
v 0.648564 0.392734 0.004376 0.0000 0.0000 0.0000
v 0.640197 0.386549 -0.000224 0.0000 0.0000 0.0000
v 0.616476 0.394430 0.004376 0.0000 0.0000 0.0000
v 0.654607 0.372435 -0.004006 0.0000 0.0000 0.0000
v 0.671890 0.377940 0.004376 0.0000 0.0000 0.0000
v 0.663948 0.345147 -0.007040 0.0000 0.0000 0.0000
v 0.667464 0.326575 -0.009176 0.0000 0.0000 0.0000
v 0.700687 0.326838 0.004376 0.0000 0.0000 0.0000
v 0.670092 0.313392 -0.002435 0.0000 0.0000 0.0000
v 0.684613 0.313817 0.004376 0.0000 0.0000 0.0000
v 0.642582 0.291320 -0.005838 0.0000 0.0000 0.0000
v 0.643938 0.291320 0.004376 0.0000 0.0000 0.0000
v 0.663948 0.345147 0.015792 0.0000 0.0000 0.0000
v 0.667464 0.326575 0.017928 0.0000 0.0000 0.0000
v 0.654607 0.372435 0.012758 0.0000 0.0000 0.0000
v 0.640197 0.386549 0.008976 0.0000 0.0000 0.0000
v 0.670092 0.313392 0.011187 0.0000 0.0000 0.0000
v 0.642582 0.291320 0.014590 0.0000 0.0000 0.0000
v 0.341154 0.116308 0.004376 0.0000 0.0000 0.0000
v 0.341154 0.122688 -0.018325 0.0000 0.0000 0.0000
v 0.341154 0.156852 -0.057209 0.0000 0.0000 0.0000
v 0.341154 0.201579 -0.067153 0.0000 0.0000 0.0000
v 0.341154 0.122688 0.027077 0.0000 0.0000 0.0000
v 0.341154 0.156852 0.065961 0.0000 0.0000 0.0000
v 0.341154 0.201579 0.075905 0.0000 0.0000 0.0000
v 0.553286 0.401840 0.004376 0.0000 0.0000 0.0000
v 0.543066 0.394613 -0.001178 0.0000 0.0000 0.0000
v 0.514585 0.404800 0.004376 0.0000 0.0000 0.0000
v 0.560185 0.377168 -0.005744 0.0000 0.0000 0.0000
v 0.581157 0.383324 0.004376 0.0000 0.0000 0.0000
v 0.574466 0.350748 -0.009407 0.0000 0.0000 0.0000
v 0.608790 0.360734 0.004376 0.0000 0.0000 0.0000
v 0.588142 0.323627 -0.013048 0.0000 0.0000 0.0000
v 0.628528 0.324814 0.004376 0.0000 0.0000 0.0000
v 0.574466 0.350748 0.018159 0.0000 0.0000 0.0000
v 0.588142 0.323627 0.021800 0.0000 0.0000 0.0000
v 0.560185 0.377168 0.014496 0.0000 0.0000 0.0000
v 0.543066 0.394613 0.009930 0.0000 0.0000 0.0000
v -0.262570 -0.139033 0.004376 0.0000 0.0000 0.0000
v -0.262239 -0.133682 0.083955 0.0000 0.0000 0.0000
v -0.262239 -0.133682 -0.075203 0.0000 0.0000 0.0000
v -0.306874 -0.105712 0.110358 0.0000 0.0000 0.0000
v -0.306874 -0.105712 -0.101606 0.0000 0.0000 0.0000
v -0.351978 -0.121280 0.086036 0.0000 0.0000 0.0000
v -0.351978 -0.121280 -0.077285 0.0000 0.0000 0.0000
v -0.358275 -0.068231 0.109143 0.0000 0.0000 0.0000
v -0.378561 -0.096434 0.078023 0.0000 0.0000 0.0000
v -0.394958 -0.039759 0.079193 0.0000 0.0000 0.0000
v -0.358275 -0.068231 -0.100391 0.0000 0.0000 0.0000
v -0.378561 -0.096434 -0.069271 0.0000 0.0000 0.0000
v -0.394958 -0.039759 -0.070441 0.0000 0.0000 0.0000
v 0.613704 0.314770 0.004376 0.0000 0.0000 0.0000
v 0.595549 0.314770 0.012889 0.0000 0.0000 0.0000
v 0.620976 0.292989 0.004376 0.0000 0.0000 0.0000
v 0.595549 0.292989 0.016300 0.0000 0.0000 0.0000
v 0.595549 0.314770 -0.004137 0.0000 0.0000 0.0000
v 0.595549 0.292989 -0.007548 0.0000 0.0000 0.0000
v 0.246982 0.207044 -0.006757 0.0000 0.0000 0.0000
v 0.279397 0.186064 -0.036831 0.0000 0.0000 0.0000
v 0.246984 0.209155 -0.010511 0.0000 0.0000 0.0000
v 0.246986 0.211827 -0.012447 0.0000 0.0000 0.0000
v 0.276275 0.212359 -0.044606 0.0000 0.0000 0.0000
v 0.247015 0.250372 -0.038090 0.0000 0.0000 0.0000
v 0.287340 0.167079 -0.015628 0.0000 0.0000 0.0000
v 0.246979 0.203290 0.004376 0.0000 0.0000 0.0000
v 0.287415 0.160439 0.004376 0.0000 0.0000 0.0000
v 0.287340 0.167079 0.024380 0.0000 0.0000 0.0000
v 0.246982 0.207044 0.015509 0.0000 0.0000 0.0000
v 0.279397 0.186064 0.045583 0.0000 0.0000 0.0000
v 0.246984 0.209155 0.019263 0.0000 0.0000 0.0000
v 0.246986 0.211827 0.021199 0.0000 0.0000 0.0000
v 0.276275 0.212359 0.053358 0.0000 0.0000 0.0000
v 0.247015 0.250372 0.046842 0.0000 0.0000 0.0000
v 0.539476 0.326793 0.004376 0.0000 0.0000 0.0000
v 0.521324 0.364191 0.004376 0.0000 0.0000 0.0000
v 0.501775 0.325397 0.021992 0.0000 0.0000 0.0000
v 0.493741 0.345590 0.019190 0.0000 0.0000 0.0000
v 0.502601 0.380504 0.004376 0.0000 0.0000 0.0000
v 0.481136 0.369884 0.015253 0.0000 0.0000 0.0000
v 0.470515 0.394763 0.004376 0.0000 0.0000 0.0000
v 0.460618 0.385092 0.010345 0.0000 0.0000 0.0000
v 0.428994 0.390381 0.004376 0.0000 0.0000 0.0000
v 0.501775 0.325397 -0.013240 0.0000 0.0000 0.0000
v 0.493741 0.345590 -0.010438 0.0000 0.0000 0.0000
v 0.481136 0.369884 -0.006501 0.0000 0.0000 0.0000
v 0.460618 0.385092 -0.001593 0.0000 0.0000 0.0000
v -0.501454 -0.086276 -0.057898 0.0000 0.0000 0.0000
v -0.506485 -0.082591 0.004376 0.0000 0.0000 0.0000
v -0.501454 -0.086276 0.066651 0.0000 0.0000 0.0000
v -0.497960 -0.088836 -0.051315 0.0000 0.0000 0.0000
v -0.493506 -0.091492 -0.034222 0.0000 0.0000 0.0000
v -0.497960 -0.088836 0.060067 0.0000 0.0000 0.0000
v -0.493506 -0.091492 0.042975 0.0000 0.0000 0.0000
v 0.505483 0.315693 -0.003384 0.0000 0.0000 0.0000
v 0.531342 0.295792 0.004376 0.0000 0.0000 0.0000
v 0.505483 0.295792 -0.007750 0.0000 0.0000 0.0000
v 0.522033 0.315693 0.004376 0.0000 0.0000 0.0000
v 0.505483 0.315693 0.012136 0.0000 0.0000 0.0000
v 0.505483 0.295792 0.016501 0.0000 0.0000 0.0000
v -0.350738 -0.072722 0.052473 0.0000 0.0000 0.0000
v -0.354048 -0.069704 0.037711 0.0000 0.0000 0.0000
v -0.350738 -0.072722 -0.043721 0.0000 0.0000 0.0000
v -0.354048 -0.069704 -0.028959 0.0000 0.0000 0.0000
v -0.360389 0.215149 0.004376 0.0000 0.0000 0.0000
v -0.332733 0.208167 -0.017407 0.0000 0.0000 0.0000
v -0.347894 0.192641 0.004376 0.0000 0.0000 0.0000
v -0.350495 0.225783 -0.010149 0.0000 0.0000 0.0000
v -0.332733 0.208166 0.026159 0.0000 0.0000 0.0000
v -0.350495 0.225783 0.018901 0.0000 0.0000 0.0000
v 0.246918 0.122051 0.004376 0.0000 0.0000 0.0000
v 0.246924 0.129057 -0.020744 0.0000 0.0000 0.0000
v 0.246950 0.164701 -0.058303 0.0000 0.0000 0.0000
v 0.246987 0.213073 -0.071407 0.0000 0.0000 0.0000
v 0.246924 0.129057 0.029496 0.0000 0.0000 0.0000
v 0.246950 0.164701 0.067055 0.0000 0.0000 0.0000
v 0.246987 0.213073 0.080159 0.0000 0.0000 0.0000
v 0.218280 0.118026 0.004376 0.0000 0.0000 0.0000
v 0.205553 0.062199 0.075997 0.0000 0.0000 0.0000
v 0.203698 0.057746 0.004376 0.0000 0.0000 0.0000
v 0.205553 0.062199 -0.067245 0.0000 0.0000 0.0000
v 0.220024 0.122467 0.070980 0.0000 0.0000 0.0000
v 0.220024 0.122467 -0.062228 0.0000 0.0000 0.0000
v 0.175817 0.099120 0.099760 0.0000 0.0000 0.0000
v 0.175817 0.099120 -0.091008 0.0000 0.0000 0.0000
v 0.191840 0.138932 0.078849 0.0000 0.0000 0.0000
v 0.191840 0.138932 -0.070097 0.0000 0.0000 0.0000
v 0.143124 0.146122 0.098666 0.0000 0.0000 0.0000
v 0.169757 0.164127 0.073016 0.0000 0.0000 0.0000
v 0.120299 0.181131 0.080194 0.0000 0.0000 0.0000
v 0.143124 0.146122 -0.089914 0.0000 0.0000 0.0000
v 0.169757 0.164127 -0.064264 0.0000 0.0000 0.0000
v 0.120299 0.181131 -0.071442 0.0000 0.0000 0.0000
v -0.406168 0.174985 -0.033193 0.0000 0.0000 0.0000
v -0.424829 0.142378 0.004376 0.0000 0.0000 0.0000
v -0.434217 0.152990 0.004376 0.0000 0.0000 0.0000
v -0.423099 0.182563 -0.027217 0.0000 0.0000 0.0000
v -0.456425 0.169208 0.004376 0.0000 0.0000 0.0000
v -0.445712 0.189783 -0.018821 0.0000 0.0000 0.0000
v -0.469511 0.186150 -0.008354 0.0000 0.0000 0.0000
v -0.471899 0.173645 0.004376 0.0000 0.0000 0.0000
v -0.496487 0.169072 0.004376 0.0000 0.0000 0.0000
v -0.423099 0.182563 0.035969 0.0000 0.0000 0.0000
v -0.445712 0.189783 0.027573 0.0000 0.0000 0.0000
v -0.469511 0.186150 0.017106 0.0000 0.0000 0.0000
v -0.406168 0.174986 0.041945 0.0000 0.0000 0.0000
v -0.275494 -0.225352 0.065756 0.0000 0.0000 0.0000
v -0.325707 -0.225946 0.118747 0.0000 0.0000 0.0000
v -0.265888 -0.225240 0.004376 0.0000 0.0000 0.0000
v -0.275494 -0.225352 -0.057004 0.0000 0.0000 0.0000
v -0.394333 -0.227772 0.117436 0.0000 0.0000 0.0000
v -0.325707 -0.225946 -0.109995 0.0000 0.0000 0.0000
v -0.394333 -0.227772 -0.108684 0.0000 0.0000 0.0000
v -0.411981 0.212135 0.004376 0.0000 0.0000 0.0000
v -0.387508 0.207593 0.004376 0.0000 0.0000 0.0000
v -0.434999 0.210358 0.004376 0.0000 0.0000 0.0000
v -0.467123 0.198654 0.004376 0.0000 0.0000 0.0000
v 0.127589 0.066573 0.004376 0.0000 0.0000 0.0000
v 0.080974 0.023276 0.083955 0.0000 0.0000 0.0000
v 0.076484 0.020348 0.004376 0.0000 0.0000 0.0000
v 0.080974 0.023276 -0.075203 0.0000 0.0000 0.0000
v 0.131970 0.069559 0.078381 0.0000 0.0000 0.0000
v 0.131970 0.069559 -0.069629 0.0000 0.0000 0.0000
v 0.076771 0.075782 0.110358 0.0000 0.0000 0.0000
v 0.076771 0.075782 -0.101606 0.0000 0.0000 0.0000
v 0.116394 0.102312 0.087124 0.0000 0.0000 0.0000
v 0.116394 0.102312 -0.078372 0.0000 0.0000 0.0000
v 0.076161 0.139395 0.109143 0.0000 0.0000 0.0000
v 0.111881 0.139263 0.080643 0.0000 0.0000 0.0000
v 0.077108 0.185821 0.079193 0.0000 0.0000 0.0000
v 0.076161 0.139395 -0.100391 0.0000 0.0000 0.0000
v 0.111881 0.139263 -0.071891 0.0000 0.0000 0.0000
v 0.077108 0.185821 -0.070441 0.0000 0.0000 0.0000
v -0.429094 0.022788 -0.057669 0.0000 0.0000 0.0000
v -0.433064 0.025268 0.004376 0.0000 0.0000 0.0000
v -0.429094 0.022789 0.066422 0.0000 0.0000 0.0000
v -0.426337 0.021067 -0.052728 0.0000 0.0000 0.0000
v -0.422855 0.019325 -0.039899 0.0000 0.0000 0.0000
v -0.426337 0.021067 0.061480 0.0000 0.0000 0.0000
v -0.422855 0.019325 0.048651 0.0000 0.0000 0.0000
v 0.148213 0.140085 0.047664 0.0000 0.0000 0.0000
v 0.156427 0.135103 0.056876 0.0000 0.0000 0.0000
v 0.146286 0.143625 0.034378 0.0000 0.0000 0.0000
v 0.152803 0.133273 0.004376 0.0000 0.0000 0.0000
v 0.156427 0.135103 -0.048124 0.0000 0.0000 0.0000
v 0.148213 0.140085 -0.038912 0.0000 0.0000 0.0000
v 0.146286 0.143625 -0.025626 0.0000 0.0000 0.0000
v 0.081481 0.120954 0.062710 0.0000 0.0000 0.0000
v 0.077056 0.130668 0.052473 0.0000 0.0000 0.0000
v 0.077502 0.135124 0.037711 0.0000 0.0000 0.0000
v 0.077009 0.121541 0.004376 0.0000 0.0000 0.0000
v 0.081481 0.120954 -0.053958 0.0000 0.0000 0.0000
v 0.077056 0.130668 -0.043721 0.0000 0.0000 0.0000
v 0.077502 0.135124 -0.028959 0.0000 0.0000 0.0000
v -0.588770 -0.154303 -0.069459 0.0000 0.0000 0.0000
v -0.598088 -0.154037 0.004376 0.0000 0.0000 0.0000
v -0.588770 -0.154303 0.078212 0.0000 0.0000 0.0000
v -0.561163 -0.166483 -0.087942 0.0000 0.0000 0.0000
v -0.561163 -0.166483 0.096695 0.0000 0.0000 0.0000
v -0.522826 -0.172005 -0.081199 0.0000 0.0000 0.0000
v -0.522826 -0.172005 0.089951 0.0000 0.0000 0.0000
v -0.405105 0.233307 0.004376 0.0000 0.0000 0.0000
v -0.414719 0.246713 -0.005434 0.0000 0.0000 0.0000
v -0.396291 0.248859 -0.013500 0.0000 0.0000 0.0000
v -0.416900 0.237148 0.004376 0.0000 0.0000 0.0000
v -0.435961 0.234300 0.004376 0.0000 0.0000 0.0000
v -0.385837 0.218710 0.004376 0.0000 0.0000 0.0000
v -0.373598 0.239756 -0.019970 0.0000 0.0000 0.0000
v -0.360139 0.231529 -0.024528 0.0000 0.0000 0.0000
v -0.376837 0.207936 0.004376 0.0000 0.0000 0.0000
v -0.414719 0.246713 0.014186 0.0000 0.0000 0.0000
v -0.396291 0.248859 0.022252 0.0000 0.0000 0.0000
v -0.373598 0.239756 0.028722 0.0000 0.0000 0.0000
v -0.360139 0.231529 0.033280 0.0000 0.0000 0.0000
v -0.412537 0.256277 0.004376 0.0000 0.0000 0.0000
v -0.387477 0.264410 0.004376 0.0000 0.0000 0.0000
v -0.361359 0.260802 0.004376 0.0000 0.0000 0.0000
v -0.343441 0.255121 0.004376 0.0000 0.0000 0.0000
v -0.340600 0.236418 0.004376 0.0000 0.0000 0.0000
v -0.317571 0.223692 0.004376 0.0000 0.0000 0.0000
v -0.536440 -0.207975 -0.057805 0.0000 0.0000 0.0000
v -0.542043 -0.207883 0.004376 0.0000 0.0000 0.0000
v -0.532548 -0.208038 -0.051889 0.0000 0.0000 0.0000
v -0.536440 -0.207975 0.066558 0.0000 0.0000 0.0000
v -0.527902 -0.207676 -0.036530 0.0000 0.0000 0.0000
v -0.532548 -0.208038 0.060642 0.0000 0.0000 0.0000
v -0.527902 -0.207676 0.045283 0.0000 0.0000 0.0000
v 0.030608 0.070545 0.077647 0.0000 0.0000 0.0000
v 0.026011 0.067728 0.004376 0.0000 0.0000 0.0000
v 0.030608 0.070545 -0.068895 0.0000 0.0000 0.0000
v 0.037359 0.102677 0.086036 0.0000 0.0000 0.0000
v 0.037359 0.102677 -0.077284 0.0000 0.0000 0.0000
v 0.041424 0.138836 0.078023 0.0000 0.0000 0.0000
v 0.041425 0.138836 -0.069271 0.0000 0.0000 0.0000
v 0.144138 0.071829 0.070320 0.0000 0.0000 0.0000
v 0.142146 0.067404 0.004376 0.0000 0.0000 0.0000
v 0.144138 0.071829 -0.061568 0.0000 0.0000 0.0000
v 0.132874 0.099148 0.077870 0.0000 0.0000 0.0000
v 0.132874 0.099148 -0.069118 0.0000 0.0000 0.0000
v 0.117572 0.128101 0.073450 0.0000 0.0000 0.0000
v 0.117572 0.128101 -0.064698 0.0000 0.0000 0.0000
v -0.443421 0.083739 -0.067403 0.0000 0.0000 0.0000
v -0.449975 0.087944 0.004376 0.0000 0.0000 0.0000
v -0.428912 0.063130 -0.082842 0.0000 0.0000 0.0000
v -0.443421 0.083739 0.076156 0.0000 0.0000 0.0000
v -0.403857 0.042664 -0.077209 0.0000 0.0000 0.0000
v -0.428912 0.063130 0.091594 0.0000 0.0000 0.0000
v -0.403857 0.042664 0.085962 0.0000 0.0000 0.0000
v 0.479624 0.295792 0.004376 0.0000 0.0000 0.0000
v 0.488933 0.315693 0.004376 0.0000 0.0000 0.0000
v -0.345676 -0.183680 0.093674 0.0000 0.0000 0.0000
v -0.316985 -0.171177 0.061456 0.0000 0.0000 0.0000
v -0.385464 -0.189227 0.086680 0.0000 0.0000 0.0000
v -0.307319 -0.170944 0.004376 0.0000 0.0000 0.0000
v -0.316985 -0.171177 -0.052704 0.0000 0.0000 0.0000
v -0.345676 -0.183680 -0.084922 0.0000 0.0000 0.0000
v -0.385464 -0.189227 -0.077928 0.0000 0.0000 0.0000
v 0.206564 0.167140 -0.015628 0.0000 0.0000 0.0000
v 0.206480 0.160499 0.004376 0.0000 0.0000 0.0000
v 0.214536 0.186113 -0.036831 0.0000 0.0000 0.0000
v 0.206564 0.167140 0.024380 0.0000 0.0000 0.0000
v 0.217698 0.212403 -0.044606 0.0000 0.0000 0.0000
v 0.214536 0.186113 0.045583 0.0000 0.0000 0.0000
v 0.217698 0.212403 0.053358 0.0000 0.0000 0.0000
v 0.570120 0.292989 0.004376 0.0000 0.0000 0.0000
v 0.577393 0.314770 0.004376 0.0000 0.0000 0.0000
v 0.649442 0.291320 0.004376 0.0000 0.0000 0.0000
v 0.655572 0.312968 0.004376 0.0000 0.0000 0.0000
v 0.466157 0.326987 0.004376 0.0000 0.0000 0.0000
v 0.466473 0.318573 0.004376 0.0000 0.0000 0.0000
v 0.459672 0.359264 0.004376 0.0000 0.0000 0.0000
v 0.450721 0.375423 0.004376 0.0000 0.0000 0.0000
v -0.304507 -0.058087 0.087124 0.0000 0.0000 0.0000
v -0.268933 -0.065141 0.078381 0.0000 0.0000 0.0000
v -0.336847 -0.039651 0.080643 0.0000 0.0000 0.0000
v -0.269151 -0.070438 0.004376 0.0000 0.0000 0.0000
v -0.268933 -0.065141 -0.069629 0.0000 0.0000 0.0000
v -0.304507 -0.058087 -0.078372 0.0000 0.0000 0.0000
v -0.336847 -0.039651 -0.071891 0.0000 0.0000 0.0000
v 0.305824 0.156556 -0.015061 0.0000 0.0000 0.0000
v 0.305758 0.150431 0.004376 0.0000 0.0000 0.0000
v 0.313843 0.175429 -0.038157 0.0000 0.0000 0.0000
v 0.305824 0.156556 0.023813 0.0000 0.0000 0.0000
v 0.316842 0.200679 -0.044462 0.0000 0.0000 0.0000
v 0.313843 0.175429 0.046909 0.0000 0.0000 0.0000
v 0.316842 0.200679 0.053214 0.0000 0.0000 0.0000
v -0.514484 -0.003881 -0.070867 0.0000 0.0000 0.0000
v -0.522777 0.002352 0.004376 0.0000 0.0000 0.0000
v -0.497237 -0.032693 -0.091436 0.0000 0.0000 0.0000
v -0.514484 -0.003881 0.079620 0.0000 0.0000 0.0000
v -0.465964 -0.062355 -0.083931 0.0000 0.0000 0.0000
v -0.497237 -0.032693 0.100188 0.0000 0.0000 0.0000
v -0.465964 -0.062355 0.092684 0.0000 0.0000 0.0000
v 0.539215 0.371012 0.004376 0.0000 0.0000 0.0000
v 0.532846 0.387385 0.004376 0.0000 0.0000 0.0000
v 0.550996 0.312008 0.004376 0.0000 0.0000 0.0000
v 0.637323 0.366930 0.004376 0.0000 0.0000 0.0000
v 0.631830 0.380364 0.004376 0.0000 0.0000 0.0000
v 0.640340 0.337963 0.004376 0.0000 0.0000 0.0000
v 0.638921 0.315881 0.004376 0.0000 0.0000 0.0000
v -0.369593 0.171578 0.004376 0.0000 0.0000 0.0000
v -0.385511 0.181931 0.004376 0.0000 0.0000 0.0000
v 0.392743 0.171523 -0.033950 0.0000 0.0000 0.0000
v 0.392659 0.164236 0.004376 0.0000 0.0000 0.0000
v 0.401540 0.192467 -0.049800 0.0000 0.0000 0.0000
v 0.392743 0.171523 0.042702 0.0000 0.0000 0.0000
v 0.404995 0.221402 -0.049701 0.0000 0.0000 0.0000
v 0.401540 0.192467 0.058551 0.0000 0.0000 0.0000
v 0.404995 0.221402 0.058453 0.0000 0.0000 0.0000
v 0.491497 0.160011 -0.012737 0.0000 0.0000 0.0000
v 0.491503 0.154349 0.004376 0.0000 0.0000 0.0000
v 0.498130 0.176368 -0.030936 0.0000 0.0000 0.0000
v 0.491497 0.160011 0.021489 0.0000 0.0000 0.0000
v 0.500534 0.198881 -0.037641 0.0000 0.0000 0.0000
v 0.498130 0.176368 0.039688 0.0000 0.0000 0.0000
v 0.500534 0.198881 0.046393 0.0000 0.0000 0.0000
v 0.568223 0.166719 -0.016567 0.0000 0.0000 0.0000
v 0.568175 0.159976 0.004376 0.0000 0.0000 0.0000
v 0.576603 0.186873 -0.039036 0.0000 0.0000 0.0000
v 0.568223 0.166719 0.025319 0.0000 0.0000 0.0000
v 0.579709 0.214173 -0.047579 0.0000 0.0000 0.0000
v 0.576603 0.186873 0.047788 0.0000 0.0000 0.0000
v 0.579709 0.214173 0.056331 0.0000 0.0000 0.0000
v 0.712186 0.253691 -0.029530 0.0000 0.0000 0.0000
v 0.712186 0.259084 0.003711 0.0000 0.0000 0.0000
v 0.712186 0.239922 0.003711 0.0000 0.0000 0.0000
v 0.712186 0.253691 0.036952 0.0000 0.0000 0.0000
v 0.712186 0.267241 -0.015980 0.0000 0.0000 0.0000
v 0.712186 0.286932 -0.024137 0.0000 0.0000 0.0000
v 0.712186 0.286932 -0.043299 0.0000 0.0000 0.0000
v 0.712186 0.267241 0.023402 0.0000 0.0000 0.0000
v 0.712186 0.286932 0.031559 0.0000 0.0000 0.0000
v 0.712186 0.286932 0.050721 0.0000 0.0000 0.0000
v 0.712186 0.320173 0.036952 0.0000 0.0000 0.0000
v 0.712186 0.306623 0.023402 0.0000 0.0000 0.0000
v 0.712186 0.332866 0.003711 0.0000 0.0000 0.0000
v 0.712186 0.314780 0.003711 0.0000 0.0000 0.0000
v 0.712186 0.306623 -0.015980 0.0000 0.0000 0.0000
v 0.712186 0.320173 -0.029530 0.0000 0.0000 0.0000
v 0.675858 0.242352 0.003711 0.0000 0.0000 0.0000
v 0.675858 0.185661 0.029281 0.0000 0.0000 0.0000
v 0.675858 0.175070 0.003711 0.0000 0.0000 0.0000
v 0.675858 0.211231 0.039872 0.0000 0.0000 0.0000
v 0.675858 0.236801 0.029281 0.0000 0.0000 0.0000
v 0.675858 0.185661 -0.021859 0.0000 0.0000 0.0000
v 0.675858 0.211231 -0.032450 0.0000 0.0000 0.0000
v 0.675858 0.236801 -0.021859 0.0000 0.0000 0.0000
v 0.657013 0.306623 0.023402 0.0000 0.0000 0.0000
v 0.657013 0.267241 -0.015980 0.0000 0.0000 0.0000
v 0.657013 0.306623 -0.015980 0.0000 0.0000 0.0000
v 0.657013 0.286932 -0.024137 0.0000 0.0000 0.0000
v 0.657013 0.314780 0.003711 0.0000 0.0000 0.0000
v 0.657013 0.267241 0.023402 0.0000 0.0000 0.0000
v 0.657013 0.259084 0.003711 0.0000 0.0000 0.0000
v 0.657013 0.286932 0.031559 0.0000 0.0000 0.0000
v -0.242550 0.340933 -0.060672 0.0000 0.0000 0.0000
v -0.242550 0.340933 0.064307 0.0000 0.0000 0.0000
v -0.222679 0.391803 -0.026952 0.0000 0.0000 0.0000
v -0.222679 0.391803 0.031892 0.0000 0.0000 0.0000
v -0.272690 0.291333 -0.084041 0.0000 0.0000 0.0000
v -0.272690 0.291333 0.088981 0.0000 0.0000 0.0000
v -0.312830 0.267885 0.080064 0.0000 0.0000 0.0000
v -0.312830 0.267885 -0.075124 0.0000 0.0000 0.0000
v -0.336675 0.226553 -0.066169 0.0000 0.0000 0.0000
v -0.336675 0.226553 0.071109 0.0000 0.0000 0.0000
v -0.365290 0.190577 0.071109 0.0000 0.0000 0.0000
v -0.365290 0.190577 -0.066169 0.0000 0.0000 0.0000
v -0.421978 0.136539 0.071109 0.0000 0.0000 0.0000
v -0.421978 0.136539 -0.066169 0.0000 0.0000 0.0000
v -0.335290 0.070577 0.071109 0.0000 0.0000 0.0000
v -0.335290 0.070577 -0.066169 0.0000 0.0000 0.0000
v -0.215290 0.020577 0.071109 0.0000 0.0000 0.0000
v -0.215290 0.020577 -0.066169 0.0000 0.0000 0.0000
v -0.155290 0.060577 0.071109 0.0000 0.0000 0.0000
v -0.155290 0.060577 -0.066169 0.0000 0.0000 0.0000
v -0.095290 0.070105 0.071109 0.0000 0.0000 0.0000
v -0.095290 0.070105 -0.066169 0.0000 0.0000 0.0000
v 0.114206 0.073201 -0.066169 0.0000 0.0000 0.0000
v 0.114206 0.073201 0.071109 0.0000 0.0000 0.0000
v 0.165081 0.095360 -0.066169 0.0000 0.0000 0.0000
v 0.165081 0.095360 0.071109 0.0000 0.0000 0.0000
v 0.210081 0.085343 0.071109 0.0000 0.0000 0.0000
v 0.210081 0.085343 -0.066169 0.0000 0.0000 0.0000
v 0.167011 0.211231 -0.032450 0.0000 0.0000 0.0000
v 0.167011 0.185661 -0.021859 0.0000 0.0000 0.0000
v 0.167011 0.175069 0.003711 0.0000 0.0000 0.0000
v 0.167011 0.185661 0.029281 0.0000 0.0000 0.0000
v 0.167011 0.211231 0.039872 0.0000 0.0000 0.0000
v 0.167011 0.236801 0.029281 0.0000 0.0000 0.0000
v 0.167011 0.242352 0.003711 0.0000 0.0000 0.0000
v 0.167011 0.236801 -0.021859 0.0000 0.0000 0.0000
v 0.042058 0.371137 0.031892 0.0000 0.0000 0.0000
v 0.131875 0.379707 -0.026952 0.0000 0.0000 0.0000
v 0.042058 0.371137 -0.026952 0.0000 0.0000 0.0000
v 0.131875 0.379707 0.031892 0.0000 0.0000 0.0000
v -0.051734 0.367724 0.031892 0.0000 0.0000 0.0000
v -0.051734 0.367724 -0.026952 0.0000 0.0000 0.0000
v 0.041115 0.320951 0.076303 0.0000 0.0000 0.0000
v 0.041115 0.313936 -0.074056 0.0000 0.0000 0.0000
v 0.041115 0.320951 -0.073430 0.0000 0.0000 0.0000
v 0.041115 0.273859 -0.079221 0.0000 0.0000 0.0000
v 0.041115 0.284704 -0.081520 0.0000 0.0000 0.0000
v 0.041115 0.291333 -0.084041 0.0000 0.0000 0.0000
v 0.041115 0.242104 0.077143 0.0000 0.0000 0.0000
v 0.041115 0.291333 0.088981 0.0000 0.0000 0.0000
v 0.041115 0.265572 -0.079472 0.0000 0.0000 0.0000
v 0.041115 0.231626 -0.079208 0.0000 0.0000 0.0000
v 0.041115 0.187898 -0.075047 0.0000 0.0000 0.0000
v 0.041115 0.132449 -0.066567 0.0000 0.0000 0.0000
v 0.041115 0.132449 0.071109 0.0000 0.0000 0.0000
v -0.218828 0.320951 0.077396 0.0000 0.0000 0.0000
v -0.218828 0.291333 0.088981 0.0000 0.0000 0.0000
v 0.199437 0.325114 0.079930 0.0000 0.0000 0.0000
v 0.193540 0.291333 0.088981 0.0000 0.0000 0.0000
v 0.199437 0.336164 -0.060672 0.0000 0.0000 0.0000
v 0.005966 0.320951 -0.074370 0.0000 0.0000 0.0000
v -0.218828 0.320951 -0.072778 0.0000 0.0000 0.0000
v 0.193540 0.291333 -0.084041 0.0000 0.0000 0.0000
v -0.218828 0.296860 -0.082237 0.0000 0.0000 0.0000
v -0.218828 0.295054 -0.082398 0.0000 0.0000 0.0000
v -0.218828 0.291333 -0.084041 0.0000 0.0000 0.0000
v -0.218828 0.189128 0.081066 0.0000 0.0000 0.0000
v -0.218828 0.283230 0.087033 0.0000 0.0000 0.0000
v -0.218828 0.132449 0.076548 0.0000 0.0000 0.0000
v 0.189206 0.133424 0.071109 0.0000 0.0000 0.0000
v 0.194206 0.217015 0.071109 0.0000 0.0000 0.0000
v 0.204206 0.181039 0.071109 0.0000 0.0000 0.0000
v 0.204206 0.258347 0.080064 0.0000 0.0000 0.0000
v -0.032014 0.132449 -0.070225 0.0000 0.0000 0.0000
v -0.218828 0.132449 -0.070219 0.0000 0.0000 0.0000
v -0.218828 0.217123 -0.070878 0.0000 0.0000 0.0000
v -0.218828 0.240996 -0.070154 0.0000 0.0000 0.0000
v -0.218828 0.272238 -0.076779 0.0000 0.0000 0.0000
v 0.189206 0.133424 -0.066169 0.0000 0.0000 0.0000
v 0.194206 0.217015 -0.066169 0.0000 0.0000 0.0000
v 0.204206 0.181039 -0.066169 0.0000 0.0000 0.0000
v 0.204206 0.258347 -0.075124 0.0000 0.0000 0.0000
v 0.170684 0.286932 -0.043299 0.0000 0.0000 0.0000
v 0.170684 0.253691 -0.029530 0.0000 0.0000 0.0000
v 0.170684 0.239922 0.003711 0.0000 0.0000 0.0000
v 0.170684 0.253691 0.036952 0.0000 0.0000 0.0000
v 0.170684 0.286932 0.050721 0.0000 0.0000 0.0000
v 0.170684 0.320173 0.036952 0.0000 0.0000 0.0000
v 0.170684 0.332866 0.003711 0.0000 0.0000 0.0000
v 0.170684 0.320173 -0.029530 0.0000 0.0000 0.0000
v -0.320189 0.232181 -0.008898 0.0000 0.0000 0.0000
v -0.228427 0.337742 -0.008898 0.0000 0.0000 0.0000
v -0.228427 0.337742 0.016420 0.0000 0.0000 0.0000
v -0.320189 0.232181 0.016420 0.0000 0.0000 0.0000
v -0.362415 0.371026 -0.008898 0.0000 0.0000 0.0000
v -0.357206 0.374226 0.016420 0.0000 0.0000 0.0000
v -0.357206 0.374226 -0.008898 0.0000 0.0000 0.0000
v -0.362415 0.371026 0.016420 0.0000 0.0000 0.0000
v -0.362415 0.361426 -0.008898 0.0000 0.0000 0.0000
v -0.362415 0.361426 0.016420 0.0000 0.0000 0.0000
v -0.331070 0.374226 -0.008898 0.0000 0.0000 0.0000
v -0.331070 0.374226 0.016420 0.0000 0.0000 0.0000
v -0.294826 0.354538 -0.008898 0.0000 0.0000 0.0000
v -0.314430 0.370223 -0.008898 0.0000 0.0000 0.0000
v -0.294826 0.354538 0.016420 0.0000 0.0000 0.0000
v -0.314430 0.370223 0.016420 0.0000 0.0000 0.0000
v -0.329404 0.336626 -0.008898 0.0000 0.0000 0.0000
v -0.341607 0.354713 -0.008898 0.0000 0.0000 0.0000
v -0.357206 0.358226 -0.008898 0.0000 0.0000 0.0000
v -0.357206 0.358226 0.016420 0.0000 0.0000 0.0000
v -0.341607 0.354713 0.016420 0.0000 0.0000 0.0000
v -0.329404 0.336626 0.016420 0.0000 0.0000 0.0000
vn -0.0105 -0.9999 0.0002
vn -0.0107 -0.9999 -0.0000
vn -0.0107 -0.7071 0.7071
vn 1.0000 0.0005 0.0005
vn 1.0000 0.0003 0.0003
vn -0.6787 0.7344 -0.0000
vn -0.8630 0.5052 -0.0000
vn 0.8672 -0.4980 -0.0000
vn 0.8052 -0.5930 -0.0000
vn 0.8614 -0.5079 -0.0000
vn 0.6997 -0.7144 0.0004
vn 0.5608 -0.8280 -0.0000
vn 0.6996 -0.7146 -0.0000
vn -0.0103 0.0005 -0.9999
vn -0.0107 -0.0000 -0.9999
vn -0.0107 0.7071 -0.7071
vn -0.9864 -0.1642 -0.0000
vn -0.9999 -0.0129 -0.0000
vn -0.9603 0.2789 -0.0000
vn 0.8448 -0.5350 0.0008
vn 0.8448 -0.5350 -0.0000
vn 0.9858 -0.1678 0.0003
vn 0.9858 -0.1679 -0.0000
vn -0.9289 0.3703 -0.0000
vn 0.4702 0.8826 -0.0000
vn 0.9915 0.1302 -0.0000
vn 0.9987 -0.0517 -0.0000
vn 0.0005 0.0005 1.0000
vn 0.0003 0.0003 1.0000
vn -0.7037 0.7105 0.0005
vn 0.0004 -1.0000 0.0004
vn 0.0005 -1.0000 0.0005
vn -0.7698 0.6383 -0.0000
vn 0.0005 0.0005 -1.0000
vn -0.0107 0.9999 -0.0000
vn -0.0107 0.7071 0.7071
vn -0.8448 -0.5351 -0.0000
vn -1.0000 0.0005 0.0005
vn -0.0103 0.0005 0.9999
vn -0.0107 -0.0000 0.9999
vn -0.0107 -0.7071 -0.7071
vn -0.4503 -0.0000 -0.8929
vn -0.4503 -0.6314 -0.6314
vn 0.5758 0.8176 -0.0000
vn 0.5758 0.5781 0.5781
vn -0.5339 0.5979 -0.5979
vn -0.5338 0.8456 0.0006
vn -0.5339 0.8456 -0.0000
vn -0.5758 -0.5781 0.5781
vn -0.5758 -0.0000 0.8176
vn -0.5339 -0.5979 -0.5979
vn -0.5339 -0.8456 -0.0000
vn -0.4503 -0.8929 -0.0000
vn -0.5339 -0.0000 0.8456
vn -0.5339 0.5979 0.5979
vn -0.5339 -0.0000 -0.8456
vn 0.5339 -0.8456 -0.0000
vn 0.5338 -0.5979 0.5979
vn 0.5339 0.5979 0.5979
vn 0.5338 0.0005 0.8456
vn 0.5338 0.0007 0.8456
vn -0.5758 -0.8176 -0.0000
vn -0.5757 -0.8177 0.0005
vn -0.5758 -0.5781 -0.5781
vn 0.5758 0.5781 -0.5781
vn 0.5758 0.5781 -0.5782
vn 0.5339 0.8456 -0.0000
vn 0.5758 -0.0000 -0.8176
vn 0.5339 0.5979 -0.5979
vn -0.5758 -0.0000 -0.8176
vn -0.5758 0.5781 -0.5781
vn -0.5758 0.5781 -0.5782
vn 0.5339 -0.0000 -0.8456
vn 0.5758 -0.5781 -0.5781
vn 0.5339 -0.5979 -0.5979
vn -0.5338 -0.8456 0.0007
vn -0.5339 -0.5979 0.5979
vn -0.4503 0.6314 -0.6314
vn 0.5755 0.0008 0.8178
vn 0.5758 -0.5781 0.5781
vn 0.5758 -0.0000 0.8176
vn 0.5339 -0.5979 0.5979
vn -0.5756 0.8177 0.0010
vn -0.5757 0.8177 0.0008
vn -0.5338 -0.5979 0.5979
vn -0.5338 -0.0000 0.8456
vn -0.5338 0.0003 0.8456
vn 0.5758 -0.8176 -0.0000
vn -0.4503 0.8929 -0.0000
vn 0.5338 -0.0000 0.8456
vn 0.4503 -0.6314 0.6314
vn 0.4503 -0.8929 -0.0000
vn -0.4503 0.6314 0.6314
vn -0.4503 -0.0000 0.8929
vn 0.4503 0.6314 -0.6314
vn 0.4503 -0.0000 -0.8929
vn 0.4503 -0.0000 0.8929
vn -0.5758 0.5781 0.5781
vn 0.4503 -0.6314 -0.6314
vn 0.4503 0.6314 0.6314
vn 0.5338 -0.8456 0.0005
vn 0.4503 0.8929 -0.0000
vn -0.4503 -0.6314 0.6314
vn -0.6309 -0.3697 -0.6821
vn -0.6394 0.0783 -0.7649
vn -0.6373 0.1255 -0.7603
vn -0.6299 -0.3952 -0.6686
vn -0.6748 -0.6463 -0.3563
vn -0.2388 -0.5612 -0.7925
vn -0.6178 -0.6262 -0.4755
vn -0.1278 -0.5732 -0.8094
vn -0.7590 -0.6511 -0.0000
vn 0.2718 -0.5955 -0.7560
vn 0.2778 -0.5956 -0.7537
vn 0.5119 -0.5840 -0.6300
vn -0.6179 -0.6264 0.4752
vn -0.2388 -0.5614 0.7924
vn -0.6749 -0.6464 0.3559
vn -0.1278 -0.5734 0.8093
vn 0.2717 -0.5953 0.7562
vn 0.2779 -0.5958 0.7535
vn 0.5119 -0.5840 0.6300
vn -0.8750 -0.1598 0.4570
vn -0.9223 -0.1442 0.3586
vn -0.9955 -0.0944 -0.0000
vn -0.5315 -0.3279 -0.7810
vn -0.8748 -0.1598 -0.4573
vn -0.9225 -0.1441 -0.3581
vn -0.4460 -0.3981 -0.8016
vn 0.7111 0.6510 -0.2656
vn 0.7378 0.4910 -0.4633
vn 0.7366 0.5054 -0.4495
vn 0.7118 0.6565 -0.2498
vn -0.1221 -0.6432 -0.7559
vn -0.1171 -0.6470 -0.7535
vn 0.0804 -0.7724 -0.6300
vn -0.5317 -0.3281 0.7808
vn -0.4461 -0.3982 0.8015
vn -0.1221 -0.6429 0.7561
vn -0.1172 -0.6472 0.7533
vn 0.0804 -0.7724 0.6300
vn 0.7376 0.4909 0.4637
vn 0.7366 0.5055 0.4494
vn 0.7153 0.3450 0.6077
vn 0.7096 0.3597 0.6059
vn 0.6802 0.4277 0.5953
vn 0.7293 0.6842 -0.0000
vn -0.7152 0.6521 -0.2516
vn -0.7144 0.6465 -0.2676
vn -0.7333 0.6799 -0.0000
vn 0.7111 0.6510 0.2656
vn 0.7118 0.6565 0.2498
vn 0.7151 0.3449 -0.6080
vn 0.7094 0.3596 -0.6062
vn 0.6802 0.4277 -0.5953
vn -0.6480 -0.7616 -0.0002
vn -0.5568 -0.7908 -0.2540
vn -0.6481 -0.7616 -0.0002
vn -0.5567 -0.7907 0.2545
vn -0.5747 -0.7895 -0.2153
vn -0.5747 -0.7894 0.2158
vn -0.1961 -0.7685 -0.6090
vn -0.1961 -0.7688 0.6087
vn 0.0182 -0.7306 -0.6826
vn 0.0181 -0.7307 0.6824
vn 0.0587 -0.6695 -0.7405
vn -0.0916 -0.6861 -0.7217
vn -0.4008 -0.6667 -0.6284
vn 0.0587 -0.6699 0.7401
vn -0.0916 -0.6857 0.7221
vn -0.4008 -0.6667 0.6284
vn 0.3570 -0.5097 -0.7828
vn 0.3572 -0.5093 -0.7829
vn 0.3571 -0.5097 -0.7827
vn 0.6241 -0.3943 -0.6745
vn 0.6512 -0.6258 -0.4292
vn 0.6597 -0.6538 -0.3707
vn 0.6248 -0.3658 -0.6898
vn 0.6837 -0.7298 -0.0000
vn 0.6842 -0.7293 -0.0002
vn 0.6245 -0.3658 0.6900
vn 0.6222 0.0912 0.7775
vn 0.6196 0.1318 0.7737
vn 0.6242 -0.3945 0.6743
vn 0.6195 0.1316 -0.7739
vn 0.5380 0.5120 -0.6697
vn 0.6222 0.0912 -0.7775
vn 0.6514 -0.6259 0.4289
vn 0.6598 -0.6538 0.3703
vn 0.5380 0.5120 0.6697
vn -0.7356 0.5025 -0.4542
vn -0.7368 0.4851 -0.4709
vn -0.9130 -0.2055 -0.3524
vn -0.8528 -0.2172 -0.4750
vn -0.9861 -0.1662 -0.0000
vn -0.4927 -0.3563 -0.7939
vn -0.9132 -0.2055 0.3520
vn -0.8529 -0.2173 0.4746
vn -0.4929 -0.3564 0.7938
vn -0.4039 -0.4245 -0.8103
vn -0.4041 -0.4246 0.8102
vn -0.0745 -0.6501 -0.7562
vn -0.0695 -0.6538 -0.7535
vn 0.1373 -0.7643 -0.6300
vn -0.0745 -0.6504 0.7560
vn -0.0695 -0.6540 0.7533
vn 0.1373 -0.7643 0.6300
vn 0.6983 0.6619 -0.2724
vn 0.7212 0.4968 -0.4827
vn 0.7202 0.5182 -0.4613
vn 0.6992 0.6671 -0.2570
vn 0.7210 0.4968 0.4831
vn 0.7200 0.5181 0.4617
vn 0.6883 0.3626 0.6283
vn 0.6825 0.3783 0.6254
vn 0.6445 0.4714 0.6020
vn -0.7073 0.6584 0.2574
vn -0.7268 0.6868 -0.0000
vn -0.7275 0.6861 -0.0000
vn -0.7065 0.6533 0.2723
vn 0.7182 0.6958 -0.0000
vn 0.6992 0.6671 0.2570
vn 0.6987 0.6619 0.2716
vn -0.7327 0.5005 -0.4611
vn -0.7330 0.4793 -0.4827
vn -0.7144 0.6445 -0.2725
vn -0.7156 0.6495 -0.2570
vn 0.6881 0.3626 -0.6285
vn 0.6823 0.3781 -0.6257
vn 0.6444 0.4713 -0.6022
vn 0.6756 -0.6073 0.4181
vn 0.6814 -0.6336 0.3665
vn 0.7036 -0.7106 -0.0000
vn 0.6547 -0.3702 -0.6591
vn 0.6757 -0.6074 -0.4177
vn 0.6813 -0.6334 -0.3669
vn 0.6550 -0.3504 -0.6694
vn -0.6857 -0.7279 -0.0000
vn -0.6854 -0.7281 -0.0003
vn -0.6600 -0.6247 -0.4174
vn -0.6657 -0.6498 -0.3668
vn -0.6578 0.1563 0.7368
vn -0.6602 0.1105 0.7430
vn -0.6511 -0.3571 0.6697
vn -0.6501 -0.3777 0.6593
vn 0.6590 0.1417 -0.7387
vn 0.5893 0.4978 -0.6363
vn 0.6617 0.0831 -0.7452
vn 0.6547 -0.3702 0.6591
vn 0.6548 -0.3503 0.6697
vn 0.6588 0.1417 0.7389
vn 0.6617 0.0831 0.7452
vn 0.5893 0.4978 0.6363
vn 0.7346 0.6309 0.2497
vn 0.7554 0.3714 0.5398
vn 0.7366 0.6031 0.3061
vn 0.7480 0.1815 0.6384
vn 0.7274 0.6862 -0.0000
vn 0.7368 0.6031 -0.3055
vn 0.7347 0.6310 -0.2492
vn 0.7271 0.6865 -0.0003
vn 0.7115 0.2177 0.6681
vn 0.7091 0.2348 0.6648
vn 0.6562 0.4485 0.6068
vn -0.6630 0.1270 0.7378
vn -0.6639 0.0668 0.7449
vn -0.6462 -0.3658 0.6698
vn -0.6453 -0.3864 0.6591
vn 0.7557 0.3715 -0.5394
vn 0.7482 0.1815 -0.6382
vn 0.7113 0.2177 -0.6683
vn 0.7094 0.2348 -0.6645
vn 0.6563 0.4479 -0.6071
vn -0.6947 -0.7193 -0.0000
vn -0.6950 -0.7190 -0.0002
vn -0.6971 -0.5897 -0.4078
vn -0.7007 -0.6177 -0.3571
vn 0.6639 -0.2503 -0.7046
vn 0.6975 -0.5894 -0.4076
vn 0.7006 -0.6178 -0.3571
vn 0.6637 -0.1994 -0.7209
vn 0.6947 -0.7193 -0.0000
vn 0.6415 0.2333 -0.7308
vn 0.6423 0.2225 -0.7335
vn 0.5898 0.5056 -0.6297
vn 0.6976 -0.5895 0.4072
vn 0.6637 -0.2502 0.7049
vn 0.7007 -0.6179 0.3567
vn 0.6639 -0.1995 0.7207
vn 0.6417 0.2335 0.7306
vn 0.6425 0.2225 0.7333
vn 0.5898 0.5056 0.6297
vn 0.7026 0.6626 -0.2594
vn 0.7302 0.4765 -0.4896
vn 0.7282 0.5066 -0.4615
vn 0.7035 0.6672 -0.2447
vn -0.7037 0.6669 0.2450
vn -0.7214 0.6926 -0.0000
vn -0.7026 0.6626 0.2594
vn 0.7300 0.4764 0.4901
vn 0.7280 0.5064 0.4622
vn 0.7003 0.2884 0.6530
vn 0.6873 0.3263 0.6489
vn -0.7035 0.6672 -0.2447
vn -0.7026 0.6626 -0.2594
vn -0.7301 0.4763 0.4900
vn -0.7280 0.5064 0.4622
vn 0.7005 0.2885 -0.6527
vn 0.6873 0.3263 -0.6489
vn -0.7352 -0.2076 -0.6453
vn -0.7352 -0.2070 -0.6455
vn -0.7352 -0.2077 -0.6452
vn 0.1780 0.4716 -0.8636
vn 0.1349 0.5170 -0.8453
vn 0.0301 0.5699 -0.8212
vn 0.2994 0.3455 -0.8894
vn 0.3180 0.3090 -0.8963
vn -0.7393 0.5936 -0.3178
vn -0.6821 -0.7313 -0.0000
vn -0.6522 -0.6275 -0.4253
vn -0.6598 -0.6547 -0.3688
vn 0.3833 -0.0534 -0.9221
vn 0.4537 -0.6192 -0.6409
vn 0.3730 -0.0754 -0.9248
vn 0.4269 -0.4788 -0.7671
vn 0.7919 0.6106 -0.0000
vn 0.6971 0.5972 0.3968
vn 0.7182 0.6027 0.3479
vn -0.7347 0.6308 0.2497
vn -0.7273 0.6863 -0.0000
vn -0.7368 0.6029 0.3060
vn 0.3182 0.3092 0.8962
vn 0.1782 0.4719 0.8634
vn 0.2997 0.3457 0.8892
vn 0.1350 0.5173 0.8451
vn 0.0301 0.5699 0.8212
vn 0.3836 -0.0534 0.9220
vn 0.3728 -0.0753 0.9248
vn 0.4535 -0.6189 0.6413
vn 0.4271 -0.4789 0.7670
vn 0.5039 -0.7364 -0.4515
vn -0.6981 -0.7160 -0.0003
vn -0.6981 -0.7160 -0.0000
vn -0.6733 -0.6214 -0.4007
vn -0.6787 -0.6453 -0.3505
vn 0.6637 -0.3737 -0.6480
vn 0.6732 -0.6214 -0.4008
vn 0.6787 -0.6454 -0.3505
vn 0.6646 -0.3493 -0.6605
vn 0.6981 -0.7160 -0.0000
vn 0.6648 -0.3495 0.6603
vn 0.6653 0.1437 0.7326
vn 0.6636 0.1733 0.7277
vn 0.6639 -0.3738 0.6477
vn 0.6637 0.1728 -0.7278
vn 0.5835 0.5433 -0.6036
vn 0.6656 0.1437 -0.7324
vn 0.6733 -0.6216 0.4004
vn 0.6788 -0.6455 0.3501
vn -0.7349 -0.2074 0.6457
vn -0.7352 -0.2070 0.6455
vn -0.7349 -0.2075 0.6456
vn 0.5835 0.5433 0.6036
vn 0.1879 0.4687 -0.8632
vn 0.1466 0.5143 -0.8450
vn 0.0435 0.5693 -0.8210
vn 0.2642 0.3868 -0.8835
vn 0.2850 0.3544 -0.8906
vn 0.3304 0.2680 -0.9050
vn 0.3215 0.2705 -0.9075
vn 0.3616 0.2135 -0.9075
vn 0.3283 0.2659 -0.9064
vn 0.2852 0.3547 0.8904
vn 0.3307 0.2682 0.9048
vn 0.3212 0.2703 0.9076
vn 0.3619 0.2136 0.9074
vn 0.3286 0.2659 0.9062
vn 0.2643 0.3870 0.8834
vn 0.1880 0.4690 0.8630
vn 0.1466 0.5146 0.8448
vn 0.0435 0.5693 0.8210
vn -0.6854 -0.6219 -0.3786
vn -0.6866 -0.7270 -0.0000
vn -0.6862 -0.7274 -0.0006
vn -0.6593 -0.5469 -0.5159
vn 0.1734 -0.9848 -0.0000
vn 0.0900 -0.9214 0.3781
vn 0.0452 -0.8552 0.5163
vn -0.1941 -0.5460 0.8150
vn 0.0899 -0.9212 -0.3785
vn 0.0451 -0.8555 -0.5159
vn -0.1940 -0.5458 -0.8151
vn -0.2864 -0.4932 0.8214
vn -0.2866 -0.4934 -0.8212
vn -0.5575 -0.3298 0.7618
vn -0.5511 -0.3337 0.7648
vn -0.7138 -0.2202 0.6649
vn -0.5578 -0.3299 -0.7616
vn -0.5513 -0.3339 -0.7646
vn -0.7138 -0.2202 -0.6649
vn 0.4204 0.1403 -0.8964
vn 0.4205 0.1399 -0.8964
vn 0.4164 0.1948 0.8881
vn 0.4168 0.1950 0.8878
vn 0.7072 0.6522 -0.2730
vn 0.7287 0.4869 -0.4815
vn 0.7274 0.5078 -0.4616
vn 0.7085 0.6573 -0.2569
vn 0.7285 0.4868 0.4820
vn 0.7272 0.5075 0.4622
vn 0.6985 0.3342 0.6327
vn 0.6960 0.3422 0.6312
vn 0.6708 0.4104 0.6177
vn 0.7281 0.6855 -0.0001
vn 0.7278 0.6857 -0.0000
vn 0.3462 0.6314 0.6939
vn 0.3466 0.6309 0.6941
vn 0.6451 0.3625 0.6727
vn 0.6561 0.3490 0.6691
vn 0.6988 0.3343 -0.6324
vn 0.6959 0.3421 -0.6315
vn 0.6708 0.4104 -0.6177
vn 0.3696 0.2394 0.8978
vn 0.3299 0.2680 0.9052
vn 0.3993 0.1922 0.8965
vn 0.3621 0.2390 0.9010
vn 0.0484 0.7295 -0.6823
vn -0.1758 0.7565 -0.6299
vn -0.1318 0.7544 -0.6430
vn 0.2485 0.3626 0.8982
vn 0.1047 0.4884 0.8663
vn 0.2307 0.3919 0.8906
vn 0.0521 0.5297 0.8466
vn -0.0599 0.5680 0.8209
vn 0.3297 0.2678 -0.9053
vn 0.3996 0.1923 -0.8963
vn 0.3620 0.2387 -0.9011
vn 0.3700 0.2395 -0.8976
vn 0.2307 0.3919 -0.8906
vn 0.1046 0.4881 -0.8665
vn 0.2483 0.3623 -0.8984
vn 0.0520 0.5294 -0.8468
vn -0.0599 0.5680 -0.8209
vn 0.0140 -0.9680 0.2505
vn -0.0393 -0.9103 0.4120
vn 0.0870 -0.9962 -0.0002
vn -0.0392 -0.9104 0.4119
vn 0.0871 -0.9962 -0.0001
vn -0.0393 -0.9106 -0.4114
vn 0.0140 -0.9679 -0.2511
vn -0.3009 -0.6258 -0.7196
vn -0.3010 -0.6259 0.7195
vn -0.5325 -0.4058 0.7428
vn 0.0139 -0.9679 0.2509
vn -0.4372 -0.5110 0.7401
vn -0.3238 -0.6110 0.7223
vn -0.0615 -0.7754 0.6284
vn -0.4372 -0.5109 -0.7402
vn -0.3012 -0.6253 -0.7199
vn -0.5325 -0.4060 -0.7427
vn -0.4371 -0.5112 -0.7401
vn -0.5325 -0.4062 -0.7426
vn -0.3239 -0.6112 -0.7222
vn -0.0615 -0.7754 -0.6284
vn -0.4110 -0.0814 -0.9080
vn -0.4094 -0.0668 -0.9099
vn -0.4112 -0.0677 -0.9090
vn -0.4011 -0.1287 -0.9069
vn -0.4072 -0.1229 -0.9050
vn -0.4164 0.1948 0.8881
vn -0.2157 -0.4767 -0.8522
vn -0.1427 -0.5991 -0.7879
vn -0.2654 -0.3795 -0.8863
vn -0.2654 -0.3796 -0.8863
vn -0.4034 -0.5345 -0.7427
vn -0.5169 -0.4568 -0.7240
vn -0.7676 -0.2096 -0.6057
vn -0.2656 -0.3797 0.8862
vn -0.2656 -0.3795 0.8863
vn -0.2158 -0.4770 0.8520
vn -0.1428 -0.5993 0.7877
vn -0.4033 -0.5343 0.7429
vn -0.5172 -0.4569 0.7237
vn -0.7676 -0.2096 0.6057
vn -0.0395 0.7542 -0.6555
vn 0.1605 0.7080 -0.6877
vn 0.1578 0.7089 -0.6874
vn -0.0971 0.7603 -0.6422
vn -0.6324 -0.3521 -0.6900
vn -0.6327 -0.3524 -0.6896
vn -0.6326 -0.3523 -0.6897
vn 0.6673 -0.6166 0.4178
vn 0.6731 -0.6420 0.3672
vn 0.6939 -0.7201 -0.0000
vn 0.6496 -0.3786 -0.6593
vn 0.6674 -0.6167 -0.4174
vn 0.6733 -0.6420 -0.3668
vn 0.6500 -0.3581 -0.6702
vn -0.7271 0.5084 -0.4613
vn -0.7280 0.4880 -0.4816
vn -0.7065 0.6533 -0.2723
vn -0.7073 0.6584 -0.2574
vn -0.6635 0.1724 0.7281
vn -0.6652 0.1432 0.7328
vn -0.6643 -0.3496 0.6606
vn -0.6640 -0.3738 0.6476
vn 0.6579 0.1556 -0.7368
vn 0.5729 0.5458 -0.6115
vn 0.6603 0.1095 -0.7430
vn 0.6496 -0.3786 0.6593
vn 0.6502 -0.3581 0.6700
vn 0.6578 0.1550 0.7370
vn 0.6609 0.1097 0.7424
vn 0.5729 0.5458 0.6115
vn -0.4924 -0.5174 0.6999
vn -0.4954 -0.5145 0.6999
vn -0.3673 -0.6040 0.7073
vn -0.3272 -0.6256 0.7082
vn 0.7214 0.6926 -0.0000
vn 0.7210 0.6929 -0.0000
vn 0.8466 -0.0878 0.5250
vn 0.4816 0.1824 0.8572
vn 0.9128 -0.1335 0.3859
vn 0.4818 0.1826 -0.8570
vn 0.8468 -0.0878 -0.5246
vn 0.9130 -0.1336 -0.3855
vn 0.5168 -0.0526 0.8545
vn 0.5598 0.2478 0.7907
vn 0.5003 -0.1199 0.8575
vn 0.6503 -0.5489 0.5251
vn 0.4564 0.2479 0.8546
vn 0.3603 0.4811 0.7992
vn 0.3661 0.4666 0.8051
vn 0.3119 0.5944 0.7412
vn 0.4566 0.2481 -0.8544
vn 0.3604 0.4814 -0.7990
vn 0.3663 0.4668 -0.8049
vn 0.3119 0.5944 -0.7412
vn -0.5129 -0.5165 -0.6857
vn -0.4792 -0.5412 -0.6910
vn -0.3177 -0.2439 0.9163
vn -0.2976 -0.2643 0.9174
vn -0.3946 -0.1402 0.9081
vn -0.3999 -0.1341 0.9067
vn -0.1115 -0.7008 -0.7046
vn -0.0249 -0.7122 -0.7015
vn 0.1336 -0.7188 -0.6822
vn -0.6241 0.7652 -0.1577
vn -0.6394 0.7688 -0.0000
vn -0.6190 0.7640 -0.1821
vn -0.3175 -0.6341 -0.7051
vn -0.3633 -0.6110 -0.7033
vn -0.0250 -0.7125 0.7012
vn -0.1110 -0.7006 0.7049
vn 0.1338 -0.7194 0.6816
vn -0.4341 -0.0440 0.8998
vn -0.4354 -0.0710 0.8974
vn -0.4422 -0.0145 0.8968
vn -0.5131 -0.5167 0.6854
vn -0.4791 -0.5410 0.6913
vn 0.7613 -0.6484 -0.0000
vn 0.7143 -0.6256 0.3139
vn 0.6501 -0.5848 0.4851
vn 0.2893 -0.5440 0.7877
vn 0.7609 -0.6489 -0.0002
vn 0.1645 -0.5645 0.8089
vn 0.7143 -0.6257 -0.3134
vn -0.2747 -0.5942 0.7560
vn -0.2809 -0.5946 0.7534
vn -0.5145 -0.5817 0.6300
vn 0.6500 -0.5847 -0.4855
vn 0.2894 -0.5442 -0.7874
vn 0.1645 -0.5642 -0.8091
vn -0.2748 -0.5944 -0.7558
vn -0.2808 -0.5944 -0.7536
vn -0.5145 -0.5817 -0.6300
vn -0.9832 0.1788 -0.0372
vn -0.9839 0.1786 -0.0003
vn -0.9832 0.1788 0.0367
vn -0.9832 0.1788 0.0368
vn -0.9839 0.1786 -0.0005
vn -0.4197 0.7174 0.5560
vn -0.1759 0.7562 0.6302
vn -0.1319 0.7546 0.6428
vn -0.4799 0.6919 0.5394
vn -0.6191 0.6153 0.4880
vn 0.0478 0.7290 0.6828
vn 0.0482 0.7293 0.6825
vn 0.1093 0.7154 0.6901
vn 0.1091 0.7155 0.6900
vn -0.4196 0.7172 -0.5563
vn -0.4798 0.6918 -0.5397
vn -0.6195 0.6150 -0.4878
vn -0.4325 -0.0052 0.9016
vn -0.4317 -0.0099 0.9020
vn -0.4108 -0.0883 0.9074
vn -0.4076 -0.0985 0.9078
vn 0.6791 -0.6245 0.3858
vn 0.5005 -0.1200 -0.8574
vn 0.6505 -0.5491 -0.5247
vn 0.6792 -0.6246 -0.3853
vn 0.5596 0.2477 -0.7909
vn 0.5170 -0.0525 -0.8544
vn 0.3504 0.3831 0.8547
vn 0.1356 0.5970 0.7907
vn 0.3951 0.3302 0.8572
vn 0.8288 0.1942 0.5248
vn 0.5596 0.2399 0.7933
vn 0.5608 0.4407 0.7009
vn 0.5594 0.2399 -0.7934
vn 0.5608 0.4407 -0.7009
vn 0.0744 -0.9627 0.2603
vn 0.0092 -0.9035 0.4285
vn 0.1608 -0.9870 -0.0002
vn 0.0093 -0.9035 0.4285
vn 0.1609 -0.9870 -0.0002
vn 0.0093 -0.9038 -0.4279
vn 0.0744 -0.9625 -0.2609
vn -0.2736 -0.6216 -0.7340
vn -0.2737 -0.6218 0.7338
vn -0.5074 -0.4332 0.7449
vn 0.0742 -0.9625 0.2608
vn -0.3985 -0.5413 0.7404
vn -0.2781 -0.6333 0.7223
vn -0.0040 -0.7779 0.6284
vn -0.3986 -0.5417 -0.7401
vn -0.2739 -0.6213 -0.7342
vn -0.5070 -0.4330 -0.7453
vn -0.3984 -0.5420 -0.7400
vn -0.5070 -0.4331 -0.7452
vn -0.2783 -0.6334 -0.7221
vn -0.0045 -0.7780 -0.6282
vn 0.6644 0.1944 -0.7217
vn 0.4865 0.4735 -0.7343
vn 0.3338 0.8167 -0.4708
vn 0.2816 0.9211 -0.2687
vn 0.5295 0.4714 -0.7053
vn 0.4763 0.5453 -0.6898
vn 0.1987 0.8106 -0.5508
vn 0.2175 0.9761 -0.0000
vn 0.2816 0.9213 0.2683
vn 0.3340 0.8169 0.4703
vn 0.7294 0.6841 -0.0000
vn 0.7512 0.6027 0.2691
vn 0.7361 0.4865 0.4706
vn 0.7296 0.6839 -0.0009
vn 0.4866 0.4737 0.7341
vn 0.6646 0.1945 0.7214
vn 0.5293 0.4712 0.7056
vn 0.4762 0.5450 0.6901
vn 0.1987 0.8106 0.5508
vn 0.6685 0.1177 -0.7343
vn 0.7358 0.4865 -0.4711
vn 0.6585 -0.2139 -0.7215
vn 0.7513 0.6028 -0.2687
vn 0.7074 0.0289 -0.7062
vn 0.7113 0.1454 -0.6877
vn 0.6630 0.4772 -0.5769
vn 0.6687 0.1177 0.7341
vn 0.6587 -0.2140 0.7213
vn 0.7071 0.0289 0.7065
vn 0.7111 0.1452 0.6879
vn 0.6630 0.4772 0.5769
vn -0.3558 -0.2018 -0.9125
vn -0.3403 -0.2238 -0.9133
vn -0.5978 0.6650 -0.4476
vn -0.6415 0.6805 -0.3542
vn -0.7246 0.6891 -0.0000
vn -0.7243 0.6895 -0.0002
vn -0.2329 0.5810 -0.7798
vn -0.2330 0.5812 0.7797
vn -0.5976 0.6649 0.4481
vn -0.6416 0.6806 0.3538
vn -0.1378 0.5758 -0.8059
vn -0.1377 0.5755 0.8061
vn 0.2960 0.5461 -0.7837
vn 0.3010 0.5454 -0.7823
vn 0.5397 0.5191 -0.6627
vn 0.2960 0.5463 0.7836
vn 0.3011 0.5456 0.7821
vn 0.5397 0.5192 0.6627
vn -0.1363 -0.6964 0.7046
vn -0.0501 -0.7112 0.7012
vn -0.1363 -0.6964 -0.7046
vn -0.0502 -0.7111 -0.7013
vn 0.1081 -0.7237 -0.6816
vn 0.9954 0.0959 -0.0000
vn 0.9065 0.1718 0.3857
vn 0.9067 0.1718 -0.3853
vn 0.8290 0.1943 -0.5244
vn -0.2310 -0.6955 0.6804
vn -0.1970 -0.7122 0.6738
vn -0.1971 -0.7124 -0.6735
vn 0.3039 -0.8298 -0.4680
vn -0.2311 -0.6957 -0.6801
vn 0.3036 -0.8299 -0.4680
vn 0.1081 -0.7237 0.6816
vn -0.1299 0.9246 -0.3581
vn -0.1931 0.9812 -0.0000
vn -0.1037 0.8861 -0.4517
vn 0.3048 -0.8298 0.4675
vn 0.3046 -0.8298 0.4675
vn -0.3942 0.7316 -0.5562
vn -0.4546 0.7085 -0.5398
vn -0.5973 0.6366 -0.4878
vn -0.0404 0.7544 0.6552
vn -0.0977 0.7602 0.6423
vn 0.1582 0.7087 0.6876
vn 0.1608 0.7080 0.6876
vn 0.4973 0.4976 0.7107
vn 0.5227 0.4753 0.7078
vn 0.6449 0.3623 -0.6729
vn 0.4975 0.4978 -0.7104
vn 0.5228 0.4755 -0.7075
vn 0.6559 0.3489 -0.6694
vn -0.1990 0.9163 -0.3476
vn -0.2668 0.9638 -0.0003
vn -0.2657 0.9640 -0.0000
vn -0.1707 0.8808 -0.4417
vn 0.9683 0.2497 -0.0000
vn 0.9273 0.2886 -0.2384
vn 0.8866 0.3089 -0.3443
vn 0.9682 0.2500 -0.0005
vn -0.3943 0.7318 0.5559
vn -0.4547 0.7087 0.5395
vn -0.5973 0.6366 0.4878
vn 0.3462 0.6314 -0.6939
vn 0.5617 -0.7853 0.2605
vn 0.4752 -0.7685 0.4284
vn 0.6458 -0.7635 -0.0000
vn 0.0891 -0.6743 0.7330
vn 0.6464 -0.7630 -0.0002
vn 0.4752 -0.7684 0.4287
vn 0.0888 -0.6743 0.7331
vn -0.2094 -0.6336 0.7448
vn 0.4750 -0.7684 -0.4289
vn -0.0618 -0.6696 0.7401
vn 0.0886 -0.6860 0.7222
vn 0.3977 -0.6685 0.6284
vn 0.5616 -0.7852 -0.2609
vn 0.0892 -0.6746 -0.7328
vn -0.2096 -0.6333 -0.7450
vn -0.2094 -0.6333 -0.7450
vn -0.0617 -0.6697 -0.7401
vn 0.0889 -0.6745 -0.7329
vn 0.0885 -0.6861 -0.7221
vn 0.3977 -0.6685 -0.6284
vn -0.2164 -0.8999 -0.3785
vn -0.1575 -0.9875 -0.0000
vn -0.1580 -0.9874 -0.0000
vn -0.2370 -0.8233 -0.5158
vn -0.6591 -0.5469 0.5163
vn -0.6856 -0.6220 0.3783
vn -0.5541 -0.1695 0.8150
vn -0.5539 -0.1695 -0.8152
vn -0.5665 -0.0644 0.8215
vn -0.5668 -0.0645 -0.8213
vn -0.5978 0.2507 0.7614
vn -0.5967 0.2430 0.7648
vn -0.6027 0.4412 0.6649
vn -0.5976 0.2506 -0.7616
vn -0.5969 0.2430 -0.7646
vn -0.6027 0.4412 -0.6649
vn 0.1097 0.7152 -0.6902
vn -0.4115 -0.0677 0.9089
vn -0.4097 -0.0669 0.9098
vn -0.4113 -0.0814 0.9079
vn -0.4066 -0.1230 0.9053
vn -0.4007 -0.1287 0.9071
vn 0.3569 -0.5094 0.7830
vn 0.3572 -0.5093 0.7829
vn 0.3568 -0.5095 0.7830
vn -0.2165 -0.9001 0.3782
vn -0.2369 -0.8230 0.5162
vn -0.3517 -0.4555 0.8178
vn -0.3516 -0.4553 -0.8180
vn -0.4129 -0.3805 0.8275
vn -0.4128 -0.3804 -0.8276
vn -0.5891 -0.1666 0.7907
vn -0.5755 -0.1821 0.7973
vn -0.6802 -0.0579 0.7307
vn -0.5889 -0.1665 -0.7909
vn -0.5752 -0.1821 -0.7975
vn -0.6802 -0.0579 -0.7307
vn -0.1990 0.9161 0.3480
vn -0.1707 0.8809 0.4414
vn 0.0995 0.6180 -0.7799
vn 0.1794 0.5648 -0.8055
vn 0.5352 0.3148 -0.7839
vn 0.5393 0.3120 -0.7822
vn 0.7302 0.1664 -0.6627
vn 0.0996 0.6182 0.7797
vn 0.1793 0.5646 0.8057
vn 0.5354 0.3149 0.7837
vn 0.5395 0.3121 0.7820
vn 0.7300 0.1661 0.6630
vn 0.7026 0.6626 0.2594
vn 0.7038 0.6668 0.2450
vn 0.4204 0.1403 0.8964
vn -0.3674 0.8088 -0.4592
vn -0.0968 0.7805 -0.6176
vn 0.0634 0.6952 -0.7160
vn -0.1344 0.7351 -0.6645
vn -0.3860 0.7378 -0.5538
vn -0.6241 0.7652 0.1582
vn -0.6190 0.7641 0.1816
vn -0.1135 0.9935 -0.0000
vn -0.0346 0.9627 0.2682
vn 0.0490 0.8812 0.4703
vn -0.3674 0.8090 0.4589
vn -0.0968 0.7807 0.6173
vn 0.0634 0.6949 0.7163
vn -0.1344 0.7349 0.6648
vn -0.3856 0.7378 0.5540
vn -0.4628 -0.0136 -0.8864
vn -0.4629 -0.0136 -0.8863
vn -0.5111 -0.1119 -0.8522
vn -0.5656 -0.2432 -0.7880
vn -0.6698 0.0046 -0.7425
vn -0.6754 0.1423 -0.7236
vn -0.6263 0.4908 -0.6057
vn -0.5658 -0.2433 0.7878
vn -0.5114 -0.1119 0.8520
vn -0.4627 -0.0134 0.8864
vn -0.4630 -0.0137 0.8863
vn -0.6702 0.0048 0.7422
vn -0.6757 0.1423 0.7233
vn -0.6263 0.4907 0.6057
vn 0.3564 -0.5817 -0.7311
vn 0.3566 -0.5818 -0.7310
vn 0.3568 -0.5818 -0.7309
vn 0.3565 -0.5817 -0.7311
vn 0.7074 0.6525 0.2716
vn 0.7085 0.6570 0.2577
vn -0.6979 0.3353 0.6329
vn -0.7270 0.5082 0.4618
vn -0.7278 0.4878 0.4820
vn -0.6954 0.3433 0.6314
vn -0.6702 0.4115 0.6177
vn -0.6981 0.3354 -0.6326
vn -0.6952 0.3432 -0.6316
vn -0.6702 0.4115 -0.6177
vn -0.4164 0.1948 -0.8881
vn -0.4204 0.1404 0.8964
vn -0.4209 0.1402 0.8962
vn -0.3752 -0.2715 -0.8863
vn -0.3753 -0.2715 -0.8863
vn -0.3802 -0.3747 -0.8456
vn -0.3789 -0.4979 -0.7801
vn -0.6307 -0.3065 -0.7130
vn -0.6861 -0.2196 -0.6935
vn -0.8216 0.1133 -0.5587
vn -0.3755 -0.2716 0.8861
vn -0.3753 -0.2714 0.8863
vn -0.3800 -0.3745 0.8458
vn -0.3792 -0.4980 0.7799
vn -0.6304 -0.3064 0.7132
vn -0.6863 -0.2195 0.6934
vn -0.8216 0.1133 0.5587
vn -0.9883 -0.1527 -0.0000
vn -0.9876 -0.1529 0.0367
vn -0.9875 -0.1529 -0.0372
vn -0.7393 0.5936 0.3178
vn -0.4782 -0.5421 -0.6909
vn -0.4425 -0.0145 -0.8966
vn -0.4420 -0.0667 -0.8945
vn -0.4355 -0.0710 -0.8974
vn 0.5039 -0.7364 0.4515
vn -0.3177 -0.2439 -0.9163
vn -0.2976 -0.2643 -0.9174
vn -0.2282 -0.3315 -0.9154
vn -0.3942 -0.1402 -0.9083
vn -0.3996 -0.1340 -0.9068
vn -0.4345 -0.0439 -0.8996
vn -0.4417 -0.0666 0.8947
vn -0.2282 -0.3315 0.9154
vn 0.5643 0.4006 -0.7218
vn 0.3046 0.6066 -0.7343
vn 0.0488 0.8809 -0.4708
vn -0.0346 0.9626 -0.2686
vn 0.3982 0.5852 -0.7063
vn 0.3081 0.6572 -0.6879
vn 0.0129 0.8167 -0.5769
vn 0.3046 0.6069 0.7340
vn 0.5645 0.4008 0.7216
vn 0.3980 0.5850 0.7066
vn 0.3080 0.6570 0.6881
vn 0.0129 0.8167 0.5769
vn -0.6324 -0.3520 0.6900
vn -0.7283 0.5066 -0.4614
vn -0.7303 0.4765 -0.4896
vn -0.7004 0.2884 0.6529
vn -0.6873 0.3263 0.6489
vn 0.3708 0.2002 -0.9069
vn 0.3565 -0.5820 0.7309
vn 0.3568 -0.5818 0.7309
vn -0.7006 0.2885 -0.6526
vn -0.6873 0.3263 -0.6489
vn -0.3516 -0.2073 -0.9129
vn -0.4108 -0.0883 -0.9074
vn -0.4076 -0.0985 -0.9078
vn -0.3352 -0.2293 -0.9138
vn 0.1453 0.6085 -0.7801
vn -0.3176 -0.6343 0.7048
vn -0.3634 -0.6112 0.7031
vn 0.2203 0.5495 -0.8059
vn 0.5568 0.2740 -0.7842
vn 0.5606 0.2720 -0.7821
vn 0.7405 0.1120 -0.6627
vn 0.1454 0.6087 0.7800
vn -0.1036 0.8859 0.4521
vn -0.1299 0.9248 0.3577
vn 0.2203 0.5493 0.8061
vn 0.5570 0.2741 0.7840
vn 0.5609 0.2721 0.7819
vn 0.7404 0.1116 0.6629
vn -0.3558 -0.2018 0.9125
vn -0.3403 -0.2238 0.9133
vn -0.2843 -0.2977 -0.9114
vn 0.4164 0.1948 -0.8881
vn -0.2843 -0.2981 0.9112
vn -0.3276 -0.6257 -0.7080
vn -0.3670 -0.6039 -0.7075
vn -0.4317 -0.0096 -0.9020
vn -0.4321 -0.0049 -0.9018
vn -0.4928 -0.5177 -0.6993
vn -0.4954 -0.5149 -0.6996
vn -0.0641 -0.8579 0.5098
vn -0.0148 -0.8914 0.4530
vn -0.0336 -0.8873 0.4600
vn -0.0463 -0.8623 0.5042
vn -0.0336 -0.8871 -0.4604
vn -0.0641 -0.8577 -0.5101
vn -0.0464 -0.8620 -0.5047
vn -0.0148 -0.8912 -0.4534
vn -0.6952 -0.7188 -0.0006
vn -0.6742 -0.6408 0.3672
vn -0.6678 -0.6159 0.4180
vn -0.6949 -0.7191 -0.0000
vn -0.6679 -0.6160 -0.4176
vn -0.6501 -0.3777 -0.6593
vn -0.6743 -0.6410 -0.3667
vn -0.6509 -0.3570 -0.6700
vn -0.6602 0.1105 -0.7430
vn -0.5721 0.5466 -0.6115
vn -0.6577 0.1566 -0.7368
vn -0.5721 0.5466 0.6115
vn -0.1827 -0.7906 0.5845
vn -0.1665 -0.8079 0.5652
vn -0.1750 -0.8056 0.5661
vn -0.1697 -0.7953 0.5820
vn -0.1751 -0.8059 -0.5656
vn -0.1827 -0.7909 -0.5841
vn -0.1698 -0.7956 -0.5816
vn -0.1667 -0.8082 -0.5648
vn -0.3516 -0.2073 0.9129
vn -0.3352 -0.2293 0.9138
vn -0.2774 -0.3028 -0.9118
vn 0.6711 -0.7413 -0.0000
vn 0.6715 -0.7410 -0.0005
vn 0.9721 -0.2347 -0.0000
vn -0.3608 -0.2480 -0.8990
vn -0.2375 -0.5776 -0.7810
vn -0.3809 -0.1977 -0.9032
vn -0.1746 -0.6155 -0.7685
vn -0.2774 -0.3028 0.9118
vn -0.3606 -0.2479 0.8992
vn -0.3812 -0.1978 0.9031
vn -0.2376 -0.5779 0.7807
vn -0.1748 -0.6159 0.7682
vn 0.7318 0.2603 0.6299
vn 0.4002 0.5902 0.7011
vn 0.7161 0.2810 0.6390
vn 0.7315 0.2603 -0.6302
vn 0.8786 -0.0401 -0.4758
vn 0.7164 0.2810 -0.6386
vn 0.8788 -0.0403 -0.4755
vn 0.8788 -0.0401 0.4755
vn 0.8789 -0.0403 0.4753
vn -0.7348 0.6309 -0.2492
vn -0.7368 0.6031 -0.3055
vn -0.7555 0.3714 0.5397
vn 0.3706 0.2000 0.9070
vn -0.7476 0.1816 0.6389
vn -0.7117 0.2176 0.6679
vn -0.7089 0.2348 0.6651
vn -0.6563 0.4479 0.6071
vn -0.7557 0.3715 -0.5393
vn -0.7479 0.1817 -0.6385
vn -0.7114 0.2176 -0.6683
vn -0.7090 0.2349 -0.6649
vn -0.6563 0.4479 -0.6071
vn -0.6788 -0.6455 0.3501
vn -0.6734 -0.6215 0.4004
vn -0.6638 -0.3737 -0.6479
vn -0.6641 -0.3494 -0.6609
vn -0.6652 0.1432 -0.7328
vn -0.5835 0.5433 -0.6036
vn -0.6638 0.1729 -0.7277
vn -0.5835 0.5433 0.6036
vn 0.6612 -0.7242 0.1961
vn 0.6611 -0.7242 0.1963
vn 0.6609 -0.7243 0.1966
vn 0.6612 -0.7241 0.1963
vn 0.6611 -0.7241 -0.1965
vn 0.6610 -0.7241 -0.1968
vn 0.6609 -0.7242 -0.1967
vn 0.6609 -0.7241 -0.1970
vn -0.7156 0.6498 0.2563
vn -0.7353 0.6777 -0.0000
vn -0.7146 0.6443 0.2724
vn -0.6970 0.3460 0.6281
vn -0.7325 0.5003 0.4617
vn -0.7328 0.4792 0.4831
vn -0.6919 0.3615 0.6250
vn -0.6563 0.4547 0.6021
vn -0.6968 0.3459 -0.6284
vn -0.6917 0.3613 -0.6253
vn -0.6563 0.4547 -0.6021
vn 0.3953 0.3304 -0.8571
vn 0.1356 0.5969 -0.7908
vn 0.3506 0.3833 -0.8545
vn 0.1414 0.5921 0.7934
vn -0.0188 0.7130 0.7009
vn 0.1414 0.5918 -0.7936
vn -0.0188 0.7130 -0.7009
vn -0.7008 -0.6178 0.3567
vn -0.6972 -0.5899 0.4074
vn -0.6640 -0.2503 -0.7046
vn -0.6638 -0.1994 -0.7208
vn 0.4001 0.5900 -0.7013
vn 0.3997 0.5901 -0.7015
vn -0.6416 0.2333 -0.7307
vn -0.6424 0.2224 -0.7334
vn -0.5898 0.5056 -0.6297
vn -0.6638 -0.2502 0.7048
vn -0.6640 -0.1994 0.7206
vn -0.6418 0.2335 0.7304
vn -0.6426 0.2225 0.7332
vn -0.5898 0.5056 0.6297
vn -0.4780 -0.5419 0.6912
vn -0.7149 0.6524 0.2515
vn -0.7143 0.6464 0.2681
vn -0.7096 0.3412 0.6164
vn -0.7358 0.5025 0.4540
vn -0.7370 0.4852 0.4705
vn -0.7047 0.3547 0.6145
vn -0.6758 0.4255 0.6019
vn -0.7099 0.3413 -0.6161
vn -0.7049 0.3548 -0.6141
vn -0.6758 0.4255 -0.6019
vn 0.2687 0.6533 0.7078
vn 0.5929 0.4880 0.6405
vn 0.9273 0.2887 0.2383
vn 0.2690 0.6532 0.7078
vn 0.3604 0.6107 0.7051
vn 0.5927 0.4881 0.6407
vn 0.4770 0.5497 0.6858
vn 0.7106 0.3741 0.5959
vn 0.7006 0.7136 -0.0000
vn 0.7002 0.7139 -0.0000
vn 0.5988 0.7205 0.3497
vn 0.6445 0.7244 0.2447
vn 0.8864 0.3089 0.3448
vn 0.9274 0.2885 0.2379
vn 0.8865 0.3089 -0.3446
vn 0.9272 0.2886 -0.2387
vn 0.5928 0.4877 -0.6409
vn 0.3603 0.6105 -0.7053
vn 0.2690 0.6533 -0.7077
vn 0.5923 0.4880 -0.6411
vn 0.4768 0.5496 -0.6860
vn 0.7106 0.3741 -0.5959
vn 0.7180 0.6026 -0.3483
vn 0.6970 0.5971 -0.3972
vn 0.2875 0.5894 0.7549
vn 0.2484 0.5901 0.7681
vn -0.3030 0.5969 0.7429
vn -0.2595 0.5904 0.7643
vn -0.5000 0.6075 0.6172
vn 0.2874 0.5893 -0.7551
vn 0.2485 0.5904 -0.7679
vn -0.3029 0.5967 -0.7431
vn -0.2595 0.5902 -0.7644
vn -0.5000 0.6075 -0.6172
vn -0.6658 -0.6500 0.3664
vn -0.6598 -0.6245 0.4179
vn -0.6453 -0.3864 -0.6591
vn -0.6464 -0.3660 -0.6695
vn -0.6635 0.0666 -0.7452
vn -0.6015 0.4830 -0.6363
vn -0.6626 0.1261 -0.7383
vn -0.6018 0.4832 0.6358
vn -0.6599 -0.6548 0.3684
vn -0.6523 -0.6277 0.4249
vn -0.6373 0.1255 0.7603
vn -0.6392 0.0789 0.7650
vn -0.6306 -0.3697 0.6824
vn -0.6302 -0.3952 0.6683
vn -0.5658 0.4972 -0.6577
vn -0.7119 0.7013 -0.0372
vn -0.7125 0.7017 -0.0000
vn -0.7119 0.7013 0.0367
vn -0.7119 0.7013 0.0368
vn -0.5658 0.4972 0.6577
vn 0.3162 0.6318 0.7077
vn 0.6280 0.4422 0.6404
vn 0.9433 0.2196 0.2489
vn 0.3166 0.6317 0.7076
vn 0.4042 0.5825 0.7052
vn 0.6277 0.4422 0.6406
vn 0.5158 0.5136 0.6856
vn 0.7363 0.3205 0.5959
vn 0.9840 0.1780 -0.0000
vn 0.9434 0.2193 -0.2489
vn 0.9035 0.2429 -0.3532
vn 0.9839 0.1788 -0.0000
vn 0.9033 0.2429 -0.3535
vn 0.9433 0.2194 -0.2493
vn 0.6277 0.4420 -0.6408
vn 0.4041 0.5823 -0.7054
vn 0.3166 0.6317 -0.7076
vn 0.6273 0.4422 -0.6410
vn 0.5157 0.5135 -0.6858
vn 0.7366 0.3207 -0.5955
vn -0.1067 0.6987 0.7074
vn 0.2564 0.7237 0.6407
vn 0.6442 0.7245 0.2451
vn -0.1063 0.6988 0.7074
vn -0.0064 0.7090 0.7052
vn 0.2562 0.7236 0.6409
vn 0.1247 0.7170 0.6858
vn 0.4159 0.6870 0.5959
vn 0.6446 0.7245 -0.2442
vn 0.5987 0.7204 -0.3501
vn 0.9033 0.2428 0.3537
vn 0.9435 0.2193 0.2484
vn 0.5986 0.7203 -0.3504
vn 0.6445 0.7245 -0.2446
vn 0.2564 0.7234 -0.6411
vn -0.0064 0.7088 -0.7054
vn -0.1063 0.6988 -0.7074
vn 0.2560 0.7233 -0.6413
vn 0.1246 0.7169 -0.6860
vn 0.4159 0.6870 -0.5959
vn -0.4204 0.1404 -0.8964
vn -0.0000 -0.7071 -0.7071
vn -1.0000 -0.0000 -0.0000
vn -1.0000 0.0006 0.0006
vn 1.0000 0.0004 0.0004
vn 0.6305 -0.5489 -0.5488
vn 0.6306 0.0005 -0.7761
vn 1.0000 -0.0000 -0.0000
vn -0.8290 0.5592 -0.0000
vn -0.6863 0.7274 0.0009
vn -0.6864 0.7273 -0.0000
vn -0.0000 0.7674 -0.6411
vn 0.0004 0.7673 -0.6413
vn 0.0005 1.0000 0.0005
vn -0.0657 0.9978 -0.0000
vn -0.0950 0.9955 -0.0000
vn 0.0003 0.0004 -1.0000
vn 1.0000 0.0008 -0.0000
vn 0.9999 -0.0170 -0.0000
vn 0.9999 -0.0171 0.0005
vn -0.0000 0.7071 -0.7071
vn 0.6303 0.5490 -0.5490
vn -0.0151 0.4903 0.8714
vn -0.0131 0.6494 0.7603
vn -0.0131 0.6488 0.7609
vn -0.0000 0.7674 0.6411
vn 0.0004 0.7673 0.6413
vn 0.6303 0.5490 0.5490
vn 0.6305 0.7762 0.0004
vn 0.0003 1.0000 0.0003
vn -0.0000 0.7071 0.7071
vn 0.0860 -0.9963 -0.0000
vn 0.3640 -0.9314 0.0003
vn 0.3638 -0.9315 0.0006
vn 0.0005 0.0004 -1.0000
vn -0.0000 -0.7071 0.7071
vn -0.2173 -0.9761 -0.0000
vn -0.2173 -0.9761 0.0003
vn 0.0957 -0.9954 -0.0000
vn 0.0954 -0.9954 0.0003
vn -0.0000 0.7169 -0.6972
vn 0.6302 -0.0000 0.7764
vn 0.6303 -0.5490 0.5490
vn 0.6303 -0.7764 -0.0000
vn 0.2112 -0.9774 -0.0000
vn -0.8840 0.4674 -0.0000
vn -0.9315 0.3638 -0.0000
vn -0.8839 0.4676 0.0005
vn 0.9966 0.0825 -0.0023
vn 0.9969 0.0785 0.0002
vn 0.9969 0.0783 -0.0000
vn 0.9946 0.1041 -0.0024
vn -0.6872 0.7264 0.0007
vn -0.6857 0.7278 0.0005
vn -0.0171 0.3776 0.9258
vn -0.0171 0.3779 0.9257
vn -0.0171 0.3774 0.9259
vn -0.0171 0.3777 0.9258
vn 0.0005 0.5505 -0.8348
vn -0.0012 0.6314 -0.7754
vn -0.0015 0.6319 -0.7750
vn -0.0072 0.5183 0.8552
vn 0.9767 0.2142 0.0141
vn 0.9672 0.2534 0.0159
vn 0.5839 0.8106 0.0449
vn 0.0062 0.6758 0.7371
vn 0.0742 0.7807 0.6205
vn 0.0114 0.5867 -0.8097
vn 0.0167 0.6577 -0.7531
vn 0.0666 0.7759 -0.6273
vn 0.0024 0.4974 -0.8675
vn 0.0024 0.4969 -0.8678
vn 0.0025 0.4971 -0.8677
vn 0.0024 0.4967 -0.8679
vn 0.0024 0.4970 -0.8677
vn 0.0024 0.4971 -0.8677
vn 0.0054 -0.0653 -0.9979
vn 0.0054 -0.0652 -0.9979
vn 0.0054 -0.0650 -0.9979
vn 0.0054 -0.0649 -0.9979
vn -0.0122 -0.0610 0.9981
vn -0.0123 -0.0611 0.9981
vn -0.0122 -0.0612 0.9981
vn -0.0122 -0.0611 0.9981
vn -0.0122 -0.0614 0.9980
vn 0.0406 0.9992 0.0006
vn 0.1616 0.9869 0.0006
vn -0.0121 -0.0613 0.9980
vn -0.0122 -0.0615 0.9980
vn -0.0112 -0.0552 0.9984
vn -0.0083 -0.0405 0.9991
vn 0.0965 -0.9953 -0.0000
vn -0.0120 -0.0613 0.9980
vn -0.0124 -0.0612 0.9980
vn 0.0055 -0.0647 -0.9979
vn 0.0034 -0.0435 -0.9990
vn 0.0054 -0.0591 -0.9982
vn 0.0053 -0.0653 -0.9979
vn 0.0054 -0.0648 -0.9979
vn 0.0054 -0.0655 -0.9978
vn 0.9986 0.0522 -0.0000
vn 0.9986 0.0523 0.0006
vn 0.9173 0.3982 -0.0000
vn 0.9173 0.3983 0.0005
vn -0.9985 -0.0552 0.0005
vn -0.9985 -0.0550 0.0008
vn -0.7380 0.6747 -0.0000
vn -0.0000 0.7169 0.6972
vn 0.0002 0.0005 1.0000
vn 0.0006 0.0006 1.0000
vn -0.4992 -0.8665 -0.0000
vn -0.4990 -0.8666 0.0005
vn 0.0003 -1.0000 0.0003
vn 0.0005 -0.0005 -1.0000
vn 0.0004 1.0000 0.0004
vn -0.5230 -0.8523 0.0005
vn -0.5234 -0.8521 -0.0000
vn -0.5231 -0.8523 0.0004
vn -0.2197 -0.9756 -0.0000
vn -0.2194 -0.9756 0.0003
vn 0.2448 0.9696 0.0005
vn 0.2446 0.9696 0.0006
vn 0.2452 0.9695 -0.0000
vn 0.2446 0.9696 0.0007
vn 0.6247 0.7808 -0.0000
vn 0.7547 -0.6561 -0.0000
vn -0.8290 -0.5593 0.0005
vn -0.8290 -0.5593 -0.0000
vn -0.5234 0.8521 -0.0000
vn -0.5231 0.8523 0.0005
vn -1.0000 -0.0005 0.0005
vn -0.9994 -0.0336 0.0004
vn -0.9994 -0.0332 -0.0000
vn -0.9948 -0.1022 0.0003
vn 0.2339 0.9723 -0.0000
vn 0.0005 -0.0005 1.0000
vt 0.000000 0.000000
vt 0.750000 1.000000
vt 0.750000 0.500000
vt 0.875000 0.500000
vt 0.875000 1.000000
vt 0.520430 0.183957
vt 0.585720 0.193304
vt 0.625000 0.183294
vt 0.625000 0.065074
vt 0.615697 0.064580
vt 0.585720 0.056696
vt 0.576928 0.058686
vt 0.562545 0.060502
vt 0.551553 0.060304
vt 0.506533 0.060512
vt 0.448539 0.063797
vt 0.375000 0.070492
vt 0.375000 0.179194
vt 0.625000 1.000000
vt 0.000000 1.000000
vt 0.125000 1.000000
vt 1.000000 1.000000
vt 0.500000 1.000000
vt 0.375000 1.000000
vt 0.250000 1.000000
vt 0.125000 0.500000
vt 0.250000 0.500000
vt 1.000000 0.500000
vt 0.375000 0.500000
vt 0.500000 0.500000
vt 0.625000 0.500000
vt 0.419706 0.419706
vt 0.250000 0.490000
vt 0.080294 0.419706
vt 0.010000 0.250000
vt 0.080294 0.080294
vt 0.250000 0.010000
vt 0.419706 0.080294
vt 0.490000 0.250000
vt 0.593050 0.691879
vt 0.625000 0.684411
vt 0.625000 0.565843
vt 0.585720 0.556696
vt 0.574973 0.558234
vt 0.450171 0.562946
vt 0.375000 0.566512
vt 0.375000 0.682391
vt 0.487299 0.682911
vt 0.518961 0.682340
vt 0.560395 0.687570
vt 0.585720 0.693304
vt 0.590654 0.692006
vt 0.000000 0.500000
vt 0.875000 0.684926
vt 0.875000 0.566706
vt 0.839716 0.685668
vt 0.125000 0.679508
vt 0.196263 0.682396
vt 0.125000 0.570806
s 1
usemtl Material.001
f 48/1/1 12/1/2 8/1/3 46/1/3
f 9/1/4 10/1/4 7/1/4 5/1/4 8/1/5 12/1/4 11/1/4 6/1/4
f 19/1/6 20/1/6 17/1/7 18/1/7
f 35/1/8 36/1/8 33/1/9 34/1/9
f 37/1/10 38/1/10 36/1/8 35/1/8
f 30/1/11 32/1/12 31/1/12 29/1/13
f 6/1/14 47/1/15 51/1/16 9/1/16
f 27/1/17 28/1/17 26/1/18 25/1/18
f 25/1/18 26/1/18 24/1/19 23/1/19
f 3/1/20 2/1/21 44/1/22 43/1/23
f 18/1/7 17/1/7 14/1/24 13/1/24
f 16/1/25 30/1/25 29/1/25 15/1/25
f 41/1/26 42/1/26 40/1/27 39/1/27
f 35/1/28 34/1/28 32/1/28 30/1/28 16/1/28 14/1/28 17/1/28 20/1/28 22/1/28 24/1/28 26/1/28 28/1/29 4/1/28 3/1/28 43/1/28 41/1/28 39/1/28 37/1/28
f 14/1/24 16/1/30 15/1/30 13/1/24
f 3/1/31 4/1/32 1/1/31 2/1/32
f 23/1/19 24/1/19 22/1/33 21/1/33
f 21/1/33 22/1/33 20/1/6 19/1/6
f 27/1/34 25/1/34 23/1/34 21/1/34 19/1/34 18/1/34 13/1/34 15/1/34 29/1/34 31/1/34 33/1/34 36/1/34 38/1/34 40/1/34 42/1/34 44/1/34 2/1/34 1/1/34
f 10/1/35 52/1/35 50/1/36 7/1/36
f 10/1/35 9/1/16 51/1/16 52/1/35
f 1/1/37 4/1/37 28/1/17 27/1/17
f 47/1/38 45/1/38 48/1/38 46/1/38 49/1/38 50/1/38 52/1/38 51/1/38
f 32/1/12 34/1/9 33/1/9 31/1/12
f 43/1/23 44/1/22 42/1/26 41/1/26
f 5/1/39 7/1/36 50/1/36 49/1/40
f 45/1/41 11/1/41 12/1/2 48/1/1
f 46/1/3 8/1/3 5/1/39 49/1/40
f 47/1/15 6/1/14 11/1/41 45/1/41
f 39/1/27 40/1/27 38/1/10 37/1/10
f 104/1/42 106/1/43 60/1/43 58/1/42
f 53/1/44 61/1/45 59/1/45 57/1/44
f 107/1/46 108/1/47 91/1/48 92/1/46
f 80/1/49 82/1/49 76/1/50 78/1/50
f 103/1/51 88/1/51 85/1/52 102/1/52
f 108/1/53 66/1/53 60/1/43 106/1/43
f 96/1/54 98/1/55 81/1/55 75/1/54
f 103/1/51 105/1/56 90/1/56 88/1/51
f 93/1/57 110/1/57 109/1/58 94/1/58
f 62/1/59 89/1/59 87/1/60 56/1/61
f 83/1/62 84/1/63 79/1/64 81/1/64
f 53/1/44 57/1/44 54/1/65 55/1/66
f 74/1/51 76/1/56 97/1/56 95/1/51
f 62/1/59 64/1/67 91/1/67 89/1/59
f 54/1/65 58/1/68 56/1/68 55/1/66
f 82/1/46 83/1/48 100/1/48 99/1/46
f 68/1/69 92/1/69 91/1/67 64/1/67
f 75/1/70 77/1/70 69/1/71 73/1/72
f 90/1/73 92/1/69 68/1/69 63/1/73
f 60/1/74 62/1/74 56/1/68 58/1/68
f 75/1/70 81/1/64 79/1/64 77/1/70
f 90/1/73 63/1/73 61/1/75 88/1/75
f 93/1/76 94/1/77 73/1/77 71/1/52
f 74/1/51 95/1/51 93/1/76 71/1/52
f 104/1/42 58/1/42 54/1/78 101/1/78
f 63/1/79 68/1/80 67/1/80 65/1/81
f 96/1/54 75/1/54 73/1/77 94/1/77
f 80/1/49 84/1/63 83/1/62 82/1/49
f 63/1/79 65/1/81 59/1/45 61/1/45
f 55/1/82 56/1/61 87/1/60 86/1/82
f 82/1/46 99/1/46 97/1/56 76/1/56
f 71/1/83 73/1/72 69/1/71 70/1/84
f 85/1/52 86/1/85 101/1/85 102/1/52
f 107/1/46 92/1/46 90/1/56 105/1/56
f 100/1/48 83/1/48 81/1/55 98/1/55
f 93/1/57 95/1/75 112/1/75 110/1/57
f 87/1/86 89/1/55 106/1/55 104/1/87
f 67/1/80 68/1/80 64/1/88 66/1/88
f 87/1/86 104/1/87 101/1/85 86/1/85
f 102/1/89 101/1/78 54/1/78 57/1/89
f 113/1/59 98/1/59 96/1/90 111/1/90
f 109/1/58 111/1/90 96/1/90 94/1/58
f 116/1/69 99/1/69 100/1/67 115/1/67
f 91/1/48 108/1/47 106/1/55 89/1/55
f 97/1/73 114/1/73 112/1/75 95/1/75
f 80/1/91 116/1/91 115/1/92 84/1/92
f 97/1/73 99/1/69 116/1/69 114/1/73
f 60/1/74 66/1/88 64/1/88 62/1/74
f 59/1/93 65/1/94 105/1/94 103/1/93
f 69/1/95 77/1/96 111/1/96 109/1/95
f 114/1/97 116/1/91 80/1/91 78/1/97
f 59/1/93 103/1/93 102/1/89 57/1/89
f 72/1/98 78/1/50 76/1/50 74/1/98
f 79/1/99 113/1/99 111/1/96 77/1/96
f 72/1/98 74/1/98 71/1/83 70/1/84
f 114/1/97 78/1/97 72/1/100 112/1/100
f 85/1/57 53/1/101 55/1/82 86/1/82
f 110/1/102 70/1/102 69/1/95 109/1/95
f 110/1/102 112/1/100 72/1/100 70/1/102
f 85/1/57 88/1/75 61/1/75 53/1/101
f 67/1/103 66/1/53 108/1/53 107/1/103
f 79/1/99 84/1/92 115/1/92 113/1/99
f 67/1/103 107/1/103 105/1/94 65/1/94
f 113/1/59 115/1/67 100/1/67 98/1/59
f 593/1/104 595/1/105 184/1/106 183/1/107
f 117/1/108 120/1/109 118/1/110
f 118/1/110 120/1/109 122/1/111
f 118/1/110 121/1/112 119/1/112 117/1/108
f 120/1/109 124/1/113 122/1/111
f 122/1/111 124/1/113 125/1/114
f 125/1/114 124/1/113 126/1/115
f 123/1/116 128/1/117 127/1/118
f 128/1/117 123/1/116 129/1/119
f 129/1/119 130/1/120 128/1/117
f 131/1/121 130/1/120 129/1/119
f 131/1/121 132/1/122 130/1/120
f 139/1/123 143/1/124 135/1/125 137/1/125
f 136/1/126 134/1/127 133/1/128
f 136/1/126 138/1/129 134/1/127
f 159/1/130 161/1/131 160/1/132 158/1/133
f 138/1/129 136/1/126 140/1/134
f 140/1/134 141/1/135 138/1/129
f 141/1/135 140/1/134 142/1/136
f 143/1/124 139/1/123 144/1/137
f 145/1/138 144/1/137 139/1/123
f 144/1/137 145/1/138 146/1/139
f 145/1/138 147/1/140 146/1/139
f 147/1/140 148/1/141 146/1/139
f 123/1/116 127/1/118 119/1/112 121/1/112
f 151/1/142 150/1/143 152/1/144
f 153/1/145 152/1/144 150/1/143
f 153/1/145 154/1/146 152/1/144
f 156/1/147 159/1/130 158/1/133 157/1/147
f 594/1/148 159/1/149 156/1/150 592/1/150
f 149/1/151 155/1/152 150/1/143 151/1/142
f 162/1/153 160/1/132 161/1/131
f 160/1/132 162/1/153 163/1/154
f 163/1/154 162/1/153 164/1/155
f 165/1/156 166/1/157 167/1/158
f 168/1/159 165/1/156 167/1/158
f 165/1/156 169/1/160 166/1/157
f 170/1/161 165/1/156 168/1/159
f 166/1/157 169/1/160 171/1/162
f 170/1/161 168/1/159 172/1/163
f 166/1/157 171/1/162 173/1/164
f 174/1/165 172/1/163 168/1/159
f 173/1/164 171/1/162 175/1/166
f 175/1/166 176/1/167 173/1/164
f 176/1/167 175/1/166 177/1/168
f 172/1/163 174/1/165 178/1/169
f 178/1/169 174/1/165 179/1/170
f 179/1/170 180/1/171 178/1/169
f 309/1/172 327/1/173 331/1/174 308/1/173
f 183/1/175 155/1/176 182/1/177
f 155/1/176 183/1/175 150/1/178
f 155/1/176 157/1/179 181/1/180 182/1/177
f 160/1/181 163/1/182 187/1/183 186/1/184
f 184/1/185 154/1/186 153/1/187
f 158/1/188 186/1/184 185/1/189
f 186/1/184 158/1/188 160/1/181
f 134/1/127 137/1/125 135/1/125 133/1/128
f 187/1/183 163/1/182 164/1/190
f 596/1/191 161/1/192 159/1/149 594/1/148
f 188/1/193 192/1/194 189/1/195 190/1/195
f 194/1/196 192/1/194 188/1/193
f 191/1/197 193/1/198 195/1/199
f 192/1/194 194/1/196 196/1/200
f 197/1/201 195/1/199 193/1/198
f 198/1/202 196/1/200 194/1/196
f 198/1/202 199/1/203 196/1/200
f 199/1/203 198/1/202 200/1/204
f 195/1/199 197/1/201 201/1/205
f 197/1/201 202/1/206 201/1/205
f 202/1/206 203/1/207 201/1/205
f 214/1/208 216/1/209 215/1/210 213/1/211
f 206/1/212 205/1/213 207/1/214
f 208/1/215 207/1/214 205/1/213
f 208/1/215 209/1/216 207/1/214
f 532/1/217 533/1/218 340/1/219 333/1/220
f 211/1/221 212/1/221 210/1/222 204/1/223
f 589/1/224 216/1/225 214/1/226 587/1/227
f 217/1/228 215/1/210 216/1/209
f 215/1/210 217/1/228 218/1/229
f 218/1/229 217/1/228 219/1/230
f 213/1/231 224/1/232 220/1/233 212/1/233
f 222/1/234 210/1/235 221/1/236
f 210/1/235 222/1/234 205/1/237
f 220/1/238 585/1/239 584/1/240 221/1/241
f 391/1/242 538/1/243 537/1/244 390/1/245
f 223/1/246 209/1/247 208/1/248
f 213/1/231 225/1/249 224/1/232
f 225/1/249 213/1/231 215/1/250
f 223/1/246 208/1/248 205/1/237 222/1/234
f 226/1/251 218/1/252 219/1/253
f 227/1/254 228/1/255 229/1/256
f 228/1/255 230/1/257 229/1/256
f 231/1/258 237/1/259 236/1/260 235/1/261
f 232/1/262 230/1/257 228/1/255
f 230/1/257 232/1/262 233/1/263
f 232/1/262 234/1/264 233/1/263
f 226/1/265 590/1/266 589/1/267 225/1/268
f 237/1/259 238/1/269 236/1/260
f 239/1/270 238/1/269 237/1/259
f 239/1/270 240/1/271 238/1/269
f 240/1/271 239/1/270 241/1/272
f 240/1/271 241/1/272 242/1/273
f 249/1/274 578/1/275 577/1/276 250/1/277
f 251/1/278 227/1/279 250/1/280
f 227/1/279 251/1/278 228/1/281
f 227/1/279 235/1/282 249/1/282 250/1/280
f 252/1/283 228/1/281 251/1/278
f 228/1/281 252/1/283 232/1/284
f 252/1/283 234/1/285 232/1/284
f 236/1/286 254/1/287 253/1/288
f 254/1/287 236/1/286 238/1/289
f 238/1/289 255/1/290 254/1/287
f 255/1/290 238/1/289 240/1/291
f 255/1/290 240/1/291 242/1/292
f 265/1/293 267/1/294 266/1/295 264/1/296
f 554/1/297 555/1/298 260/1/298 257/1/299
f 259/1/300 256/1/301 261/1/302 262/1/303
f 557/1/304 265/1/305 260/1/298 555/1/298
f 257/1/299 259/1/306 556/1/307 554/1/297
f 268/1/308 266/1/295 267/1/294 269/1/309
f 274/1/310 270/1/310 272/1/311 275/1/312
f 276/1/313 277/1/314 278/1/315
f 276/1/313 279/1/316 277/1/314
f 279/1/316 276/1/313 280/1/317
f 541/1/318 542/1/318 284/1/318 286/1/318
f 181/1/319 592/1/319 591/1/320 182/1/321
f 283/1/322 284/1/323 282/1/324
f 284/1/323 283/1/322 285/1/325
f 423/1/326 528/1/326 526/1/327 421/1/328
f 577/1/329 578/1/218 231/1/330 229/1/331
f 280/1/332 276/1/333 290/1/334
f 290/1/334 276/1/333 291/1/335
f 291/1/335 276/1/333 278/1/336
f 283/1/337 289/1/338 292/1/339
f 283/1/337 292/1/339 285/1/340
f 285/1/325 287/1/341 286/1/341 284/1/323
f 294/1/342 555/1/343 554/1/344 295/1/345
f 296/1/346 258/1/347 295/1/348
f 258/1/347 296/1/346 256/1/349
f 258/1/347 263/1/350 294/1/350 295/1/348
f 266/1/351 268/1/352 300/1/353 299/1/354
f 297/1/355 262/1/356 261/1/357
f 264/1/358 299/1/354 298/1/359
f 299/1/354 264/1/358 266/1/351
f 271/1/360 273/1/361 272/1/362 270/1/361
f 300/1/353 268/1/352 269/1/363
f 301/1/364 302/1/365 303/1/366
f 301/1/364 304/1/367 302/1/365
f 304/1/367 301/1/364 305/1/368
f 305/1/368 306/1/369 304/1/367
f 306/1/369 305/1/368 307/1/370
f 307/1/370 308/1/371 306/1/369
f 308/1/371 307/1/370 309/1/372
f 305/1/373 310/1/374 307/1/375
f 311/1/376 307/1/375 310/1/374
f 309/1/377 307/1/375 311/1/376
f 310/1/374 305/1/373 312/1/378
f 305/1/373 301/1/379 312/1/378
f 312/1/378 301/1/379 313/1/380
f 313/1/380 301/1/379 303/1/381
f 435/1/382 434/1/383 503/1/384 504/1/385
f 314/1/386 315/1/387 246/1/388 243/1/386
f 317/1/389 246/1/388 315/1/387
f 316/1/390 248/1/391 318/1/392
f 246/1/388 317/1/389 319/1/393
f 320/1/394 318/1/392 248/1/391
f 321/1/395 319/1/393 317/1/389
f 319/1/393 321/1/395 322/1/396
f 322/1/396 321/1/395 323/1/397
f 320/1/394 324/1/398 318/1/392
f 320/1/394 325/1/399 324/1/398
f 325/1/399 326/1/400 324/1/398
f 331/1/401 327/1/401 329/1/401 332/1/402
f 374/1/403 370/1/404 372/1/404 373/1/403
f 343/1/405 345/1/406 344/1/407 342/1/408
f 335/1/409 334/1/410 336/1/411
f 337/1/412 336/1/411 334/1/410
f 337/1/412 338/1/413 336/1/411
f 340/1/414 343/1/405 342/1/408 341/1/415
f 383/1/416 494/1/417 493/1/418 384/1/419
f 204/1/223 210/1/222 205/1/213 206/1/212
f 346/1/420 344/1/407 345/1/406
f 344/1/407 346/1/420 347/1/421
f 347/1/421 346/1/420 348/1/422
f 349/1/423 350/1/424 351/1/425
f 351/1/425 350/1/424 352/1/426
f 411/1/427 413/1/428 430/1/429 428/1/427
f 353/1/430 355/1/431 354/1/432
f 354/1/432 355/1/431 356/1/433
f 356/1/433 355/1/431 357/1/434
f 350/1/435 358/1/436 359/1/437
f 358/1/436 350/1/435 349/1/438
f 353/1/430 354/1/432 352/1/426 350/1/424
f 360/1/439 355/1/440 353/1/441
f 355/1/440 360/1/439 361/1/442
f 355/1/440 361/1/442 357/1/443
f 134/1/444 362/1/445 137/1/446
f 362/1/447 363/1/446 137/1/448
f 137/1/448 363/1/446 364/1/449
f 137/1/448 364/1/449 139/1/450
f 139/1/450 364/1/449 145/1/451
f 138/1/452 365/1/453 134/1/454
f 365/1/453 138/1/452 141/1/455
f 365/1/453 141/1/455 366/1/456
f 366/1/456 141/1/455 142/1/457
f 147/1/458 145/1/459 367/1/460
f 147/1/461 367/1/462 368/1/463
f 368/1/463 148/1/464 147/1/461
f 306/1/465 308/1/466 570/1/467 568/1/468 304/1/469
f 523/1/470 374/1/470 373/1/470 524/1/470
f 319/1/471 375/1/472 244/1/473
f 244/1/473 246/1/474 319/1/471
f 375/1/472 319/1/471 322/1/475
f 375/1/472 322/1/475 376/1/476
f 376/1/476 322/1/475 323/1/477
f 248/1/478 247/1/479 320/1/480
f 320/1/480 247/1/479 377/1/481
f 325/1/482 320/1/480 377/1/481
f 325/1/482 377/1/481 378/1/483
f 378/1/483 326/1/484 325/1/482
f 490/1/485 491/1/486 482/1/487 478/1/488
f 379/1/489 382/1/490 380/1/489 381/1/491
f 342/1/492 389/1/493 385/1/494 341/1/494
f 387/1/495 339/1/496 386/1/497
f 339/1/496 387/1/495 334/1/498
f 537/1/499 345/1/500 343/1/501 535/1/502
f 300/1/503 560/1/504 559/1/505 299/1/506
f 388/1/507 338/1/508 337/1/509
f 342/1/492 390/1/510 389/1/493
f 390/1/510 342/1/492 344/1/511
f 388/1/507 337/1/509 334/1/498 387/1/495
f 391/1/512 347/1/513 348/1/514
f 481/1/515 487/1/516 486/1/517 476/1/518
f 260/1/519 265/1/293 264/1/296 263/1/520
f 396/1/521 398/1/522 393/1/523
f 399/1/524 397/1/525 395/1/526
f 440/1/527 442/1/528 438/1/529 436/1/530
f 400/1/531 402/1/532 398/1/522 396/1/521
f 402/1/532 400/1/531 403/1/533
f 402/1/532 403/1/533 404/1/534
f 401/1/535 405/1/536 406/1/537
f 405/1/536 407/1/538 406/1/537
f 408/1/539 409/1/539 410/1/540
f 184/1/185 153/1/187 150/1/178 183/1/175
f 356/1/541 546/1/542 545/1/543 354/1/544
f 414/1/545 415/1/546 416/1/547
f 526/1/548 528/1/549 167/1/549 166/1/550
f 412/1/551 415/1/546 414/1/545 413/1/552
f 415/1/553 419/1/554 416/1/555
f 352/1/556 354/1/544 545/1/543 543/1/557 351/1/558
f 420/1/559 410/1/560 409/1/559
f 165/1/561 421/1/562 169/1/563
f 169/1/563 421/1/562 422/1/564
f 421/1/562 165/1/561 423/1/565
f 422/1/564 171/1/566 169/1/563
f 165/1/561 424/1/567 423/1/565
f 171/1/566 422/1/564 425/1/568
f 175/1/569 171/1/566 425/1/568
f 175/1/569 425/1/568 177/1/570
f 424/1/567 165/1/561 170/1/571
f 424/1/567 170/1/571 426/1/572
f 170/1/571 172/1/573 426/1/572
f 427/1/574 426/1/572 172/1/573
f 427/1/574 172/1/573 178/1/575
f 178/1/575 180/1/576 427/1/574
f 189/1/195 193/1/198 191/1/197 190/1/195
f 511/1/577 510/1/578 509/1/579 456/1/580 458/1/581 459/1/577
f 431/1/582 418/1/583 430/1/584
f 418/1/583 431/1/582 419/1/585
f 419/1/585 431/1/582 416/1/586
f 428/1/587 417/1/588 420/1/589 429/1/590
f 430/1/584 418/1/583 417/1/588 428/1/587
f 413/1/428 431/1/591 430/1/429
f 431/1/591 413/1/428 414/1/592
f 431/1/591 414/1/592 416/1/593
f 573/1/594 288/1/595 290/1/596 571/1/597
f 436/1/530 438/1/529 433/1/598
f 439/1/599 437/1/600 435/1/601
f 445/1/602 441/1/603 437/1/600 439/1/599
f 547/1/604 321/1/605 317/1/606 548/1/607
f 442/1/528 440/1/527 443/1/608
f 442/1/528 443/1/608 444/1/609
f 441/1/603 445/1/602 446/1/610
f 445/1/602 447/1/611 446/1/610
f 192/1/612 448/1/613 189/1/614
f 448/1/615 449/1/614 189/1/616
f 189/1/616 449/1/614 450/1/617
f 189/1/616 450/1/617 193/1/618
f 193/1/618 450/1/617 197/1/619
f 196/1/620 451/1/621 192/1/622
f 451/1/621 196/1/620 199/1/623
f 451/1/621 199/1/623 452/1/624
f 452/1/624 199/1/623 200/1/625
f 202/1/626 197/1/627 453/1/628
f 202/1/629 453/1/630 454/1/631
f 454/1/631 203/1/632 202/1/629
f 455/1/633 400/1/634 456/1/635
f 396/1/636 456/1/635 400/1/634
f 455/1/633 403/1/637 400/1/634
f 403/1/637 455/1/633 457/1/638
f 403/1/637 457/1/638 404/1/639
f 392/1/640 397/1/641 459/1/642 458/1/640
f 432/1/643 437/1/644 466/1/645 465/1/646
f 401/1/647 459/1/642 397/1/641
f 459/1/642 401/1/647 460/1/648
f 406/1/649 460/1/648 401/1/647
f 460/1/648 406/1/649 461/1/650
f 406/1/649 407/1/651 461/1/650
f 440/1/652 462/1/653 463/1/654
f 462/1/653 440/1/652 436/1/655
f 463/1/654 443/1/656 440/1/652
f 443/1/656 463/1/654 464/1/657
f 443/1/656 464/1/657 444/1/658
f 236/1/286 253/1/288 249/1/282 235/1/282
f 432/1/643 465/1/646 462/1/653 436/1/655
f 441/1/659 466/1/645 437/1/644
f 466/1/645 441/1/659 467/1/660
f 446/1/661 467/1/660 441/1/659
f 467/1/660 446/1/661 468/1/662
f 446/1/661 447/1/663 468/1/662
f 302/1/664 304/1/469 568/1/468 569/1/665
f 469/1/666 117/1/667 119/1/668 470/1/669
f 469/1/666 120/1/670 117/1/667
f 128/1/671 471/1/672 127/1/673
f 120/1/670 469/1/666 472/1/674
f 471/1/672 128/1/671 473/1/675
f 472/1/674 124/1/676 120/1/670
f 124/1/676 472/1/674 474/1/677
f 124/1/676 474/1/677 126/1/678
f 130/1/679 473/1/675 128/1/671
f 473/1/675 130/1/679 475/1/680
f 130/1/679 132/1/681 475/1/680
f 476/1/518 486/1/517 485/1/682 479/1/683
f 477/1/684 479/1/685 480/1/686
f 550/1/687 548/1/607 315/1/688 314/1/687 316/1/689 551/1/690
f 481/1/515 484/1/691 488/1/692 487/1/516
f 483/1/693 379/1/694 484/1/695
f 379/1/694 483/1/693 382/1/696
f 479/1/683 485/1/682 480/1/697
f 133/1/698 135/1/699 562/1/699 561/1/700
f 488/1/692 484/1/691 379/1/701
f 488/1/692 379/1/701 384/1/702
f 489/1/703 477/1/704 480/1/705
f 489/1/703 478/1/488 477/1/704
f 478/1/488 489/1/703 490/1/485
f 490/1/706 486/1/707 487/1/708 491/1/709
f 488/1/710 492/1/711 491/1/709 487/1/708
f 493/1/712 483/1/713 492/1/714
f 493/1/712 382/1/715 483/1/713
f 188/1/716 190/1/717 517/1/718 516/1/719
f 231/1/258 235/1/261 227/1/254 229/1/256
f 517/1/720 519/1/721 450/1/722 449/1/723
f 490/1/706 489/1/724 486/1/707
f 486/1/707 489/1/724 485/1/725
f 485/1/725 489/1/724 480/1/726
f 488/1/710 493/1/418 492/1/711
f 493/1/418 488/1/710 384/1/419
f 494/1/727 380/1/727 382/1/715 493/1/712
f 118/1/728 495/1/729 121/1/730
f 495/1/729 118/1/728 122/1/731
f 495/1/729 496/1/732 121/1/730
f 495/1/733 122/1/734 497/1/735
f 121/1/730 496/1/732 498/1/736
f 122/1/734 125/1/737 497/1/735
f 497/1/735 125/1/737 499/1/738
f 499/1/738 125/1/737 126/1/739
f 121/1/730 498/1/736 123/1/740
f 123/1/740 498/1/736 129/1/741
f 500/1/742 129/1/741 498/1/736
f 500/1/743 131/1/744 129/1/745
f 501/1/746 131/1/744 500/1/743
f 501/1/746 132/1/747 131/1/744
f 119/1/668 127/1/673 471/1/672 470/1/669
f 395/1/748 394/1/749 510/1/750 511/1/751
f 502/1/752 433/1/753 438/1/754
f 439/1/755 435/1/382 504/1/385
f 505/1/756 502/1/752 438/1/754
f 439/1/755 504/1/385 506/1/757
f 438/1/754 442/1/758 505/1/756
f 505/1/756 442/1/758 507/1/759
f 507/1/759 442/1/758 444/1/760
f 445/1/761 439/1/755 506/1/757
f 445/1/761 506/1/757 508/1/762
f 508/1/762 447/1/763 445/1/761
f 428/1/427 429/1/764 408/1/764 411/1/427
f 570/1/765 311/1/766 310/1/767 312/1/768 568/1/769
f 328/1/770 327/1/771 309/1/771 311/1/772
f 434/1/383 433/1/753 502/1/752 503/1/384
f 394/1/749 393/1/773 509/1/774 510/1/750
f 393/1/773 398/1/775 509/1/774
f 511/1/751 399/1/776 395/1/748
f 509/1/774 398/1/775 512/1/777
f 513/1/778 399/1/776 511/1/751
f 398/1/775 402/1/779 512/1/777
f 512/1/777 402/1/779 514/1/780
f 514/1/780 402/1/779 404/1/781
f 513/1/778 405/1/782 399/1/776
f 405/1/782 513/1/778 515/1/783
f 515/1/783 407/1/784 405/1/782
f 191/1/785 519/1/786 517/1/718 190/1/717
f 516/1/719 194/1/787 188/1/716
f 316/1/390 314/1/386 243/1/386 248/1/391
f 194/1/787 516/1/719 518/1/788
f 518/1/788 198/1/789 194/1/787
f 198/1/789 518/1/788 520/1/790
f 198/1/789 520/1/790 200/1/791
f 195/1/792 519/1/786 191/1/785
f 519/1/786 195/1/792 521/1/793
f 201/1/794 521/1/793 195/1/792
f 521/1/793 201/1/794 522/1/795
f 201/1/794 203/1/796 522/1/795
f 256/1/301 259/1/300 257/1/797 258/1/798
f 328/1/799 330/1/799 329/1/799 327/1/799
f 525/1/800 166/1/550 173/1/801
f 166/1/550 525/1/800 526/1/548
f 173/1/801 527/1/802 525/1/800
f 527/1/802 173/1/801 176/1/803
f 527/1/802 176/1/803 177/1/804
f 529/1/805 168/1/806 167/1/549 528/1/549
f 550/1/807 551/1/808 247/1/809 245/1/807
f 530/1/810 168/1/806 529/1/805
f 168/1/806 530/1/810 174/1/811
f 531/1/812 174/1/811 530/1/810
f 174/1/811 531/1/812 179/1/813
f 531/1/812 180/1/814 179/1/813
f 462/1/815 502/1/816 505/1/817
f 462/1/815 505/1/817 463/1/818
f 507/1/819 463/1/818 505/1/817
f 507/1/819 464/1/820 463/1/818
f 464/1/820 507/1/819 444/1/821
f 467/1/822 506/1/823 466/1/824
f 504/1/825 466/1/824 506/1/823
f 506/1/823 467/1/822 508/1/826
f 468/1/827 508/1/826 467/1/822
f 468/1/827 447/1/828 508/1/826
f 210/1/235 212/1/233 220/1/233 221/1/236
f 349/1/829 372/1/830 369/1/831 358/1/832
f 535/1/502 343/1/501 340/1/219 533/1/218
f 333/1/833 339/1/834 334/1/410 335/1/409
f 340/1/414 341/1/415 339/1/834 333/1/833
f 336/1/835 534/1/836 335/1/837
f 534/1/836 336/1/835 536/1/838
f 336/1/835 338/1/839 536/1/838
f 333/1/220 335/1/837 534/1/836 532/1/217
f 537/1/499 346/1/840 345/1/500
f 346/1/840 537/1/499 538/1/841
f 346/1/840 538/1/841 348/1/842
f 523/1/843 524/1/843 369/1/843 371/1/843
f 330/1/844 328/1/845 540/1/844 539/1/845
f 456/1/846 509/1/847 512/1/848
f 456/1/846 512/1/848 455/1/849
f 512/1/848 514/1/850 455/1/849
f 455/1/849 514/1/850 457/1/851
f 457/1/851 514/1/850 404/1/852
f 511/1/853 459/1/854 513/1/855
f 513/1/855 459/1/854 460/1/856
f 460/1/856 515/1/857 513/1/855
f 461/1/858 515/1/857 460/1/856
f 461/1/858 407/1/859 515/1/857
f 243/1/860 246/1/861 244/1/861 245/1/860 247/1/862 248/1/862
f 156/1/147 157/1/147 155/1/152 149/1/151
f 541/1/863 293/1/863 292/1/863 542/1/863
f 412/1/551 413/1/552 411/1/864 408/1/539 410/1/540
f 358/1/865 544/1/866 543/1/867
f 293/1/868 287/1/868 285/1/340 292/1/339
f 361/1/869 546/1/870 357/1/871
f 545/1/872 360/1/873 359/1/874 358/1/865 543/1/867
f 351/1/558 543/1/557 544/1/875
f 545/1/872 546/1/870 361/1/869 360/1/873
f 546/1/542 356/1/541 357/1/876
f 375/1/877 547/1/878 244/1/879
f 548/1/880 244/1/879 547/1/878
f 375/1/877 549/1/881 547/1/878
f 549/1/881 375/1/877 376/1/882
f 549/1/881 376/1/882 323/1/883
f 392/1/640 458/1/640 456/1/635 396/1/636
f 550/1/807 245/1/807 244/1/879 548/1/880
f 552/1/884 247/1/809 551/1/808
f 247/1/809 552/1/884 377/1/885
f 553/1/886 377/1/885 552/1/884
f 377/1/885 553/1/886 378/1/887
f 553/1/886 326/1/888 378/1/887
f 379/1/889 381/1/889 383/1/889 384/1/889
f 559/1/890 267/1/891 265/1/305 557/1/304
f 260/1/519 263/1/520 258/1/798 257/1/797
f 558/1/892 556/1/307 259/1/306 262/1/893
f 280/1/317 283/1/322 282/1/324 281/1/894 279/1/316
f 373/1/895 372/1/896 349/1/896 351/1/896
f 559/1/890 560/1/897 269/1/898 267/1/891
f 277/1/899 279/1/900 571/1/901 572/1/902
f 561/1/700 136/1/903 133/1/698
f 415/1/553 412/1/904 418/1/905 419/1/554
f 136/1/903 561/1/700 563/1/906
f 563/1/906 140/1/907 136/1/903
f 140/1/907 563/1/906 565/1/908
f 140/1/907 565/1/908 142/1/909
f 144/1/910 564/1/911 143/1/912
f 564/1/911 144/1/910 566/1/913
f 146/1/914 566/1/913 144/1/910
f 566/1/913 146/1/914 567/1/915
f 146/1/914 148/1/916 567/1/915
f 568/1/769 312/1/768 313/1/917 569/1/918
f 302/1/664 569/1/665 303/1/919
f 369/1/920 372/1/920 370/1/920 371/1/920
f 569/1/918 313/1/917 303/1/921
f 476/1/922 479/1/685 477/1/684 478/1/923
f 279/1/900 281/1/924 573/1/925 571/1/901
f 483/1/693 484/1/695 481/1/926 482/1/927
f 311/1/928 570/1/929 540/1/930
f 311/1/928 540/1/930 328/1/931
f 540/1/932 308/1/933 331/1/934
f 308/1/933 540/1/932 570/1/935
f 385/1/936 389/1/937 535/1/938 533/1/939
f 532/1/940 387/1/941 386/1/942
f 532/1/940 534/1/943 387/1/941
f 339/1/496 341/1/494 385/1/494 386/1/497
f 344/1/511 347/1/513 391/1/512 390/1/510
f 536/1/944 338/1/945 388/1/946
f 390/1/245 535/1/938 389/1/937
f 535/1/938 390/1/245 537/1/244
f 534/1/943 536/1/944 388/1/946 387/1/941
f 538/1/243 391/1/242 348/1/947
f 351/1/948 544/1/949 524/1/950
f 351/1/948 524/1/950 373/1/951
f 524/1/952 358/1/953 369/1/954
f 358/1/953 524/1/952 544/1/955
f 571/1/597 290/1/596 291/1/956 572/1/957
f 277/1/899 572/1/902 278/1/958
f 432/1/959 436/1/530 433/1/598 434/1/960 435/1/601 437/1/600
f 395/1/526 397/1/525 392/1/961 396/1/521 393/1/523 394/1/961
f 282/1/962 542/1/963 574/1/964
f 542/1/963 282/1/962 284/1/965
f 572/1/957 291/1/956 278/1/966
f 143/1/912 564/1/911 562/1/699 135/1/699
f 282/1/962 574/1/964 573/1/925 281/1/924
f 289/1/967 574/1/968 542/1/969
f 289/1/967 542/1/969 292/1/970
f 273/1/971 271/1/972 575/1/972 576/1/973
f 275/1/974 429/1/975 576/1/976
f 429/1/975 275/1/974 408/1/977
f 264/1/358 298/1/359 294/1/350 263/1/350
f 429/1/978 273/1/971 576/1/973
f 429/1/978 420/1/979 273/1/971
f 580/1/980 237/1/981 231/1/330 578/1/218
f 577/1/329 229/1/331 579/1/982
f 283/1/337 280/1/332 290/1/334 288/1/983 289/1/338
f 230/1/984 579/1/982 229/1/331
f 579/1/982 230/1/984 581/1/985
f 581/1/985 230/1/984 233/1/986
f 233/1/986 234/1/987 581/1/985
f 582/1/988 237/1/981 580/1/980
f 582/1/988 239/1/989 237/1/981
f 239/1/989 582/1/988 583/1/990
f 583/1/990 241/1/991 239/1/989
f 241/1/991 583/1/990 242/1/992
f 294/1/342 298/1/993 557/1/994 555/1/343
f 554/1/344 296/1/995 295/1/345
f 554/1/344 556/1/996 296/1/995
f 491/1/486 492/1/714 483/1/713 482/1/487
f 297/1/355 261/1/357 256/1/349 296/1/346
f 558/1/997 262/1/998 297/1/999
f 299/1/506 557/1/994 298/1/993
f 557/1/994 299/1/506 559/1/505
f 556/1/996 558/1/997 297/1/999 296/1/995
f 560/1/504 300/1/503 269/1/1000
f 409/1/1001 273/1/1002 420/1/1003
f 273/1/1002 409/1/1001 272/1/1004
f 409/1/1005 275/1/1006 272/1/1007
f 275/1/1006 409/1/1005 408/1/1008
f 211/1/221 214/1/208 213/1/211 212/1/221
f 359/1/437 360/1/439 353/1/441 350/1/435
f 584/1/1009 585/1/1010 211/1/1010 204/1/1011
f 207/1/1012 586/1/1013 206/1/1014
f 586/1/1013 207/1/1012 588/1/1015
f 207/1/1012 209/1/1016 588/1/1015
f 204/1/1011 206/1/1014 586/1/1013 584/1/1009
f 589/1/224 217/1/1017 216/1/225
f 217/1/1017 589/1/224 590/1/1018
f 217/1/1017 590/1/1018 219/1/1019
f 478/1/923 482/1/927 481/1/926 476/1/922
f 548/1/607 317/1/606 315/1/688
f 318/1/1020 551/1/690 316/1/689
f 324/1/1021 552/1/1022 551/1/690 318/1/1020
f 573/1/594 574/1/968 289/1/967 288/1/595
f 321/1/605 547/1/604 549/1/1023
f 321/1/605 549/1/1023 323/1/1024
f 552/1/1022 324/1/1021 553/1/1025
f 324/1/1021 326/1/1026 553/1/1025
f 249/1/274 253/1/1027 580/1/1028 578/1/275
f 577/1/276 251/1/1029 250/1/277
f 577/1/276 579/1/1030 251/1/1029
f 575/1/1031 274/1/1032 275/1/974 576/1/976
f 252/1/1033 251/1/1029 579/1/1030
f 252/1/1033 579/1/1030 581/1/1034
f 581/1/1034 234/1/1035 252/1/1033
f 254/1/1036 580/1/1028 253/1/1027
f 254/1/1036 582/1/1037 580/1/1028
f 254/1/1036 255/1/1038 582/1/1037
f 582/1/1037 255/1/1038 583/1/1039
f 583/1/1039 255/1/1038 242/1/1040
f 587/1/227 214/1/226 211/1/1010 585/1/1010
f 412/1/904 410/1/560 420/1/559 417/1/1041 418/1/905
f 591/1/1042 592/1/150 156/1/150 149/1/1043
f 152/1/1044 593/1/1045 151/1/1046
f 593/1/1045 152/1/1044 595/1/1047
f 152/1/1044 154/1/1048 595/1/1047
f 149/1/1043 151/1/1046 593/1/1045 591/1/1042
f 596/1/191 162/1/1049 161/1/192
f 162/1/1049 596/1/191 597/1/1050
f 162/1/1049 597/1/1050 164/1/1051
f 451/1/1052 518/1/1053 516/1/1054
f 451/1/1055 520/1/1056 518/1/1057
f 520/1/1056 451/1/1055 452/1/1058
f 520/1/1056 452/1/1058 200/1/1059
f 470/1/1060 496/1/1061 495/1/1062 469/1/1063
f 517/1/720 449/1/723 448/1/1064 516/1/1065
f 450/1/1066 519/1/1067 521/1/1068
f 522/1/1069 453/1/1070 521/1/1071
f 453/1/1070 522/1/1069 454/1/1072
f 522/1/1069 203/1/1073 454/1/1072
f 423/1/326 424/1/1074 529/1/1075 528/1/326
f 526/1/327 422/1/1076 421/1/328
f 422/1/1076 526/1/327 525/1/1077
f 405/1/536 401/1/535 397/1/525 399/1/524
f 525/1/1077 425/1/1078 422/1/1076
f 425/1/1078 525/1/1077 527/1/1079
f 425/1/1078 527/1/1079 177/1/1080
f 426/1/1081 529/1/1075 424/1/1074
f 529/1/1075 426/1/1081 530/1/1082
f 427/1/1083 530/1/1082 426/1/1081
f 530/1/1082 427/1/1083 531/1/1084
f 427/1/1083 180/1/1085 531/1/1084
f 220/1/238 224/1/1086 587/1/1087 585/1/239
f 584/1/240 222/1/1088 221/1/241
f 584/1/240 586/1/1089 222/1/1088
f 385/1/936 533/1/939 532/1/940 386/1/942
f 215/1/250 218/1/252 226/1/251 225/1/249
f 588/1/1090 209/1/1091 223/1/1092
f 225/1/268 587/1/1087 224/1/1086
f 587/1/1087 225/1/268 589/1/267
f 586/1/1089 588/1/1090 223/1/1092 222/1/1088
f 590/1/266 226/1/265 219/1/1093
f 181/1/319 185/1/1094 594/1/1095 592/1/319
f 591/1/320 183/1/107 182/1/321
f 591/1/320 593/1/104 183/1/107
f 158/1/188 185/1/189 181/1/180 157/1/179
f 187/1/1096 597/1/1097 596/1/1098 186/1/1099
f 595/1/105 154/1/1100 184/1/106
f 186/1/1099 594/1/1095 185/1/1094
f 594/1/1095 186/1/1099 596/1/1098
f 504/1/1101 503/1/1102 502/1/1103 462/1/1104 465/1/1102 466/1/1101
f 597/1/1097 187/1/1096 164/1/1105
f 365/1/1106 563/1/1107 561/1/1108
f 365/1/1109 565/1/1110 563/1/1111
f 565/1/1110 365/1/1109 366/1/1112
f 565/1/1110 366/1/1112 142/1/1113
f 562/1/1114 564/1/1115 364/1/1116 363/1/1117
f 364/1/1118 564/1/1119 566/1/1120
f 567/1/1121 367/1/1122 566/1/1123
f 367/1/1122 567/1/1121 368/1/1124
f 567/1/1121 148/1/1125 368/1/1124
f 497/1/1126 472/1/1127 469/1/1128
f 497/1/1129 474/1/1130 472/1/1131
f 474/1/1130 497/1/1129 499/1/1132
f 474/1/1130 499/1/1132 126/1/1133
f 470/1/1060 471/1/1134 498/1/1135 496/1/1061
f 562/1/1114 363/1/1117 362/1/1136 561/1/1137
f 498/1/1138 471/1/1139 473/1/1140
f 475/1/1141 500/1/1142 473/1/1143
f 500/1/1142 475/1/1141 501/1/1144
f 475/1/1141 132/1/1145 501/1/1144
f 332/1/1146 539/1/1146 540/1/1146 331/1/1146
f 600/2/32 714/3/32 713/4/1147 598/5/1147
f 678/6/1148 679/7/38 672/8/38 674/9/38 673/10/1148 677/11/38 676/12/38 675/13/38 680/14/38 681/15/38 682/16/38 683/17/38 684/18/1149
f 601/19/1150 600/2/4 598/5/4 604/20/4 613/21/4 603/22/4 602/5/4 599/2/4 605/19/4 606/23/4 609/24/4 611/25/4 610/25/4 608/24/4 607/23/4
f 622/24/1151 609/24/1147 606/23/34 629/23/1152
f 616/2/32 660/3/32 659/4/1147 619/5/1147
f 620/20/4 621/21/4 614/25/1153 618/24/4 617/23/4 615/19/4 616/2/1150 619/5/4
f 638/1/1154 639/20/1154 636/20/1155 637/1/1156
f 621/21/1157 665/26/1158 664/27/1159 614/25/1159
f 666/20/1160 669/20/1161 667/1/1161 668/1/1160
f 619/5/1147 659/4/1147 658/28/34 620/22/1162
f 700/20/1163 701/20/1164 710/1/1165 709/1/1163
f 629/23/1152 606/23/34 605/19/1166 627/19/1167
f 631/20/1168 670/20/1169 633/20/1170
f 618/24/1171 663/29/1172 662/30/28 617/23/28
f 623/5/1173 628/2/1174 599/2/1175 602/5/1176
f 651/1/1177 650/20/1177 648/20/1178 649/1/1179
f 598/5/1147 713/4/1147 712/28/1180 604/22/1180
f 617/23/28 662/30/28 661/31/1181 615/19/1181
f 657/1/1182 656/20/1183 655/20/1184 654/1/1185
f 613/21/1186 719/26/1186 718/27/1159 610/25/1159
f 603/20/4 613/21/4 610/25/4 611/25/4 612/21/4
f 623/32/1173 625/33/1187 624/34/1188 626/35/1189 622/36/1151 629/37/1152 627/38/1167 628/39/1174
f 693/40/4 691/41/4 685/42/4 686/43/1150 697/44/1153 696/45/4 698/46/4 704/47/1150 705/48/4 706/49/4 707/50/1153 695/51/4 694/52/4
f 652/1/1190 653/20/1190 650/20/1177 651/1/1177
f 614/25/1159 664/27/1159 663/29/1172 618/24/1171
f 654/1/1185 655/20/1184 653/20/1190 652/1/1190
f 631/20/1191 633/20/1192 632/1/1192 630/1/1193
f 620/20/1162 658/53/34 665/26/1158 621/21/1157
f 688/20/1194 702/20/1195 711/1/1196 692/1/1197
f 634/1/1198 635/20/1199 631/20/1191 630/1/1193
f 635/20/1200 685/20/1201 631/20/1168
f 672/20/1202 679/20/1203 688/20/1202
f 672/20/1202 631/20/1168 685/20/1201
f 630/1/1204 632/1/1205 671/1/1206
f 631/20/1168 687/20/1207 670/20/1169
f 687/20/1208 689/1/1209 667/1/1210 669/20/1210
f 670/20/1169 687/20/1207 666/20/1211
f 687/20/1207 669/20/1212 666/20/1211
f 688/20/1194 692/1/1197 689/1/1209 687/20/1208
f 689/1/1213 630/1/1204 671/1/1206
f 689/1/1213 671/1/1206 668/1/1214
f 668/1/1214 667/1/1215 689/1/1213
f 689/1/1213 690/1/1216 630/1/1204
f 674/1/1217 692/1/1218 673/1/1219
f 692/1/1218 677/1/1217 673/1/1219
f 634/1/1220 691/1/1221 693/1/1219
f 694/1/1219 634/1/1220 693/1/1219
f 695/1/1217 634/1/1220 694/1/1219
f 692/1/1222 711/1/1223 709/1/1224 680/1/1225
f 640/20/1226 696/20/1227 639/20/1227
f 635/20/1228 696/20/1227 697/20/1229
f 635/20/1228 697/20/1229 686/20/1230
f 696/20/1227 640/20/1226 698/20/1229
f 671/1/1231 632/1/1232 633/20/1232 670/20/1231
f 672/20/1202 688/20/1202 687/20/1207 631/20/1168
f 688/20/1233 679/20/1234 678/20/1228 700/20/1229
f 640/20/1226 642/20/1229 644/20/1226 646/20/1229 648/20/1229 650/20/1229 653/20/1235 655/20/28 656/20/28 699/20/1236 701/20/1226 700/20/1229 678/20/1228 684/20/1229 698/20/1229
f 649/1/1179 648/20/1178 646/20/1237 647/1/1237
f 636/20/1155 635/20/1199 634/1/1198 637/1/1156
f 688/20/1233 700/20/1229 702/20/1238
f 696/20/1227 635/20/1228 636/20/1239 639/20/1227
f 683/1/1240 651/1/1224 703/1/1224
f 683/1/1240 708/1/1241 657/1/34 654/1/1180 652/1/1242 651/1/1224
f 692/1/1218 674/1/1217 690/1/1216 689/1/1213
f 637/1/1243 705/1/1244 638/1/1224
f 705/1/1244 637/1/1243 706/1/1224
f 634/1/1245 706/1/1224 637/1/1243
f 706/1/1224 634/1/1245 707/1/1245
f 634/1/1245 695/1/1222 707/1/1245
f 700/20/1163 709/1/1163 711/1/1196 702/20/1195
f 682/1/1224 708/1/1241 683/1/1240
f 703/1/1224 651/1/1224 649/1/1225 647/1/1224 645/1/1225 643/1/1225 641/1/1225 638/1/1224 705/1/1244 704/1/1224
f 680/1/1225 709/1/1224 710/1/1225 708/1/1241 682/1/1224 681/1/1224
f 691/1/1221 634/1/1220 630/1/1204 690/1/1216
f 692/1/1222 680/1/1225 675/1/1224
f 692/1/1222 675/1/1224 676/1/1222
f 692/1/1222 676/1/1222 677/1/1222
f 635/20/1200 686/20/1203 685/20/1201
f 701/20/1164 699/20/1246 708/1/1247 710/1/1165
f 656/20/1248 657/1/1249 708/1/1247 699/20/1246
f 643/1/1250 642/20/1251 640/20/1252 641/1/1252
f 610/25/1159 718/27/1159 717/29/1253 608/24/1253
f 623/5/1173 602/5/1176 603/22/1254 625/22/1187
f 608/24/1253 717/29/1253 716/30/1255 607/23/1255
f 607/23/1255 716/30/1255 715/31/1181 601/19/1181
f 647/1/1237 646/20/1237 644/20/1256 645/1/1257
f 604/20/1180 712/53/1180 719/26/1186 613/21/1186
f 601/19/1181 715/31/1181 714/3/32 600/2/32
f 640/20/1252 639/20/1154 638/1/1154 641/1/1252
f 624/21/1188 612/21/1181 611/25/32 626/25/1189
f 671/1/1231 670/20/1231 666/20/1160 668/1/1160
f 674/54/32 672/55/32 685/42/32 691/41/32 690/56/1258
f 625/20/1187 603/20/1254 612/21/1181 624/21/1188
f 626/25/1189 611/25/32 609/24/1147 622/24/1151
f 615/19/1181 661/31/1181 660/3/32 616/2/32
f 683/57/1159 703/58/1159 704/47/1159 698/46/1159 684/59/1159
f 628/2/1174 627/19/1167 605/19/1166 599/2/1175
f 643/1/1250 645/1/1257 644/20/1256 642/20/1251
f 721/1/1259 720/1/1259 736/1/1259 737/1/1259 738/1/1259 728/1/1259 724/1/1259 726/1/1259 730/1/1259 733/1/1259 732/1/1259
f 725/1/1260 731/1/1159 730/1/1260 726/1/1159
f 738/1/1261 739/1/1262 729/1/1261 728/1/1263
f 740/1/1264 739/1/1265 738/1/1264 737/1/1265
f 721/1/1266 732/1/1267 734/1/1268 722/1/1269
f 733/1/1270 735/1/1270 734/1/1270 732/1/1270
f 722/1/1271 723/1/1271 720/1/1271 721/1/1271
f 736/1/1272 741/1/1273 740/1/1273 737/1/1273
f 724/1/1274 727/1/1275 725/1/1274 726/1/1274
f 729/1/1276 727/1/1276 724/1/1276 728/1/1276
f 741/1/1277 736/1/1278 720/1/1279 723/1/1279
f 730/1/1280 731/1/1280 735/1/1280 733/1/1280
f 741/1/1281 723/1/1281 722/1/1281 734/1/1281 735/1/1281 731/1/1281 725/1/1281 727/1/1281 729/1/1281 739/1/1281 740/1/1281
